[
{
  "model": "auth.user",
  "pk": 1,
  "fields": {
    "password": "pbkdf2_sha256$390000$j3xXqAQRIGv8DtLoCy977t$Cim1GWAQLGi5r0t22fl3PwJ5LKqo4HZs9hgj87OP73Y=",
    "last_login": null,
    "is_superuser": true,
    "username": "admin",
    "first_name": "",
    "last_name": "",
    "email": "admin@schoolapp.com",
    "is_staff": true,
    "is_active": true,
    "date_joined": "2025-03-27T05:33:41.092Z",
    "groups": [],
    "user_permissions": []
  }
},
{
  "model": "auth.user",
  "pk": 2,
  "fields": {
    "password": "pbkdf2_sha256$1000000$LYMDQK6GCXYUv7WuINYwAL$eqWJJq3c7l94+KjbXA3jleGr8s3olk4yhkpKAs1PPAs=",
    "last_login": "2025-04-26T10:45:04.434Z",
    "is_superuser": true,
    "username": "Aman09",
    "first_name": "",
    "last_name": "",
    "email": "",
    "is_staff": true,
    "is_active": true,
    "date_joined": "2025-03-27T05:34:02.902Z",
    "groups": [],
    "user_permissions": []
  }
},
{
  "model": "sessions.session",
  "pk": "02mcveeye60jw5b5i0ukjljqe5jlpdq0",
  "fields": {
    "session_data": ".eJxVjEsOAiEQBe_C2hABm49L956BNHQjowaSYWZlvLtOMgvdvqp6LxFxXWpcB89xInEWWhx-t4T5wW0DdMd26zL3tsxTkpsidzrktRM_L7v7d1Bx1G8duCQIFoMJYMg6TAqYdMGMKilrSXv0DJgJ3InBU7FF6ww6sHVH48T7A_5rOEo:1u6qGD:GjErN7idU5bKYuTBrgMojP78hfNs24S8ZcaWxU_-eiE",
    "expire_date": "2025-04-21T15:28:29.282Z"
  }
},
{
  "model": "sessions.session",
  "pk": "10ncnwhqgop92b0k9mntjoe8fdeny5zl",
  "fields": {
    "session_data": ".eJxVjDsOwjAQBe_iGlmbNf5R0nOGaP1ZHEC2FCcV4u7IUgpo38y8t5hp38q897zOSxIXgeL0uwWKz1wHSA-q9yZjq9u6BDkUedAuby3l1_Vw_w4K9TJqzYw2IBgAzU4RqbMLpMLERhlvMTKaxOAhAU_ekKFkmRxSRus0ic8X4f43_A:1tyPFt:s076qjxDsj3vSzZlXvR_8s3O1dbsR-Qp_waHyug0CHc",
    "expire_date": "2025-03-29T09:01:17.412Z"
  }
},
{
  "model": "sessions.session",
  "pk": "1ys4eankvqiqvf2ixfd5m49zxnavl3h1",
  "fields": {
    "session_data": ".eJxVjEsOAiEQBe_C2hABm49L956BNHQjowaSYWZlvLtOMgvdvqp6LxFxXWpcB89xInEWWhx-t4T5wW0DdMd26zL3tsxTkpsidzrktRM_L7v7d1Bx1G8duCQIFoMJYMg6TAqYdMGMKilrSXv0DJgJ3InBU7FF6ww6sHVH48T7A_5rOEo:1u2DPu:HFGilpoQOkyVfb4ba8QBWjAnZeLo6OcFmMGNYOWHHD4",
    "expire_date": "2025-04-08T21:11:22.441Z"
  }
},
{
  "model": "sessions.session",
  "pk": "2epfm6y0941r3v487jyf6syqpt4n7dcq",
  "fields": {
    "session_data": ".eJxVjEsOAiEQBe_C2hABm49L956BNHQjowaSYWZlvLtOMgvdvqp6LxFxXWpcB89xInEWWhx-t4T5wW0DdMd26zL3tsxTkpsidzrktRM_L7v7d1Bx1G8duCQIFoMJYMg6TAqYdMGMKilrSXv0DJgJ3InBU7FF6ww6sHVH48T7A_5rOEo:1u2nxy:AfaRaHi3IIkfAE4b40Aa9ZIAUYx19FwhxV9lpjtojEI",
    "expire_date": "2025-04-10T12:12:58.464Z"
  }
},
{
  "model": "sessions.session",
  "pk": "3xndewbu7yrssh93b4v79n5lfyoc1zey",
  "fields": {
    "session_data": ".eJxVjEsOAiEQBe_C2hABm49L956BNHQjowaSYWZlvLtOMgvdvqp6LxFxXWpcB89xInEWWhx-t4T5wW0DdMd26zL3tsxTkpsidzrktRM_L7v7d1Bx1G8duCQIFoMJYMg6TAqYdMGMKilrSXv0DJgJ3InBU7FF6ww6sHVH48T7A_5rOEo:1u5ebL:Xpu-gvAjs_METq_SQx0AVNyeF3qGdPwBH57bVbtp08k",
    "expire_date": "2025-04-18T08:49:23.355Z"
  }
},
{
  "model": "sessions.session",
  "pk": "5mj4yfonn1zavs3vzid23on0mbk939zi",
  "fields": {
    "session_data": ".eJxVjEsOAiEQBe_C2hABm49L956BNHQjowaSYWZlvLtOMgvdvqp6LxFxXWpcB89xInEWWhx-t4T5wW0DdMd26zL3tsxTkpsidzrktRM_L7v7d1Bx1G8duCQIFoMJYMg6TAqYdMGMKilrSXv0DJgJ3InBU7FF6ww6sHVH48T7A_5rOEo:1u772I:DodAwNXmRCO74Ton3YfG3ANhqFI6Nyg699NhMl2pZME",
    "expire_date": "2025-04-22T09:23:14.053Z"
  }
},
{
  "model": "sessions.session",
  "pk": "5s5xfdxyrg0iercu7gm68bzbbq0clsm2",
  "fields": {
    "session_data": ".eJxVjEsOAiEQBe_C2hABm49L956BNHQjowaSYWZlvLtOMgvdvqp6LxFxXWpcB89xInEWWhx-t4T5wW0DdMd26zL3tsxTkpsidzrktRM_L7v7d1Bx1G8duCQIFoMJYMg6TAqYdMGMKilrSXv0DJgJ3InBU7FF6ww6sHVH48T7A_5rOEo:1u5OGS:3_ck0yxg3Tc5142J4oL9By12ICB-yquNPvXTnV3_T6k",
    "expire_date": "2025-04-17T15:22:44.451Z"
  }
},
{
  "model": "sessions.session",
  "pk": "68grl3fvk67l95e42gra3bko1z3j1892",
  "fields": {
    "session_data": ".eJxVjEsOAiEQBe_C2hABm49L956BNHQjowaSYWZlvLtOMgvdvqp6LxFxXWpcB89xInEWWhx-t4T5wW0DdMd26zL3tsxTkpsidzrktRM_L7v7d1Bx1G8duCQIFoMJYMg6TAqYdMGMKilrSXv0DJgJ3InBU7FF6ww6sHVH48T7A_5rOEo:1u1h2O:m6jkkR4PVk4DPCbq6hulPl8Y1i73s2PP4cMUsHiI47Q",
    "expire_date": "2025-04-07T10:36:56.884Z"
  }
},
{
  "model": "sessions.session",
  "pk": "68psi2ugczawfgwyz4r9j0ma2ufqhzo6",
  "fields": {
    "session_data": ".eJxVjEsOAiEQBe_C2hABm49L956BNHQjowaSYWZlvLtOMgvdvqp6LxFxXWpcB89xInEWWhx-t4T5wW0DdMd26zL3tsxTkpsidzrktRM_L7v7d1Bx1G8duCQIFoMJYMg6TAqYdMGMKilrSXv0DJgJ3InBU7FF6ww6sHVH48T7A_5rOEo:1u5eaz:ta4R4f_n7eKg_xgAMbM-F5PIYExtosPrC-bYqN9TS94",
    "expire_date": "2025-04-18T08:49:01.553Z"
  }
},
{
  "model": "sessions.session",
  "pk": "71tf95v4aj6c34g4xy2w5ov8nxg0qb5s",
  "fields": {
    "session_data": ".eJxVjEsOAiEQBe_C2hABm49L956BNHQjowaSYWZlvLtOMgvdvqp6LxFxXWpcB89xInEWWhx-t4T5wW0DdMd26zL3tsxTkpsidzrktRM_L7v7d1Bx1G8duCQIFoMJYMg6TAqYdMGMKilrSXv0DJgJ3InBU7FF6ww6sHVH48T7A_5rOEo:1u2DJU:Ma7hY5SLI8jasIxovnQWG_3tbFHdd7SFSe5nZ0g-EFs",
    "expire_date": "2025-04-08T21:04:44.738Z"
  }
},
{
  "model": "sessions.session",
  "pk": "8rytzuuno8tbm9t32s7un2o5rkfh1ajc",
  "fields": {
    "session_data": ".eJxVjEsOAiEQBe_C2hABm49L956BNHQjowaSYWZlvLtOMgvdvqp6LxFxXWpcB89xInEWWhx-t4T5wW0DdMd26zL3tsxTkpsidzrktRM_L7v7d1Bx1G8duCQIFoMJYMg6TAqYdMGMKilrSXv0DJgJ3InBU7FF6ww6sHVH48T7A_5rOEo:1u7gQx:-fbly-qNywNxQc3pe5fULp4TDfLRVWkxpvpomitUpqY",
    "expire_date": "2025-04-23T23:11:03.732Z"
  }
},
{
  "model": "sessions.session",
  "pk": "9zezwbd7iv1dr28ukt0hnzm2yjws40aa",
  "fields": {
    "session_data": ".eJxVjEsOAiEQBe_C2hABm49L956BNHQjowaSYWZlvLtOMgvdvqp6LxFxXWpcB89xInEWWhx-t4T5wW0DdMd26zL3tsxTkpsidzrktRM_L7v7d1Bx1G8duCQIFoMJYMg6TAqYdMGMKilrSXv0DJgJ3InBU7FF6ww6sHVH48T7A_5rOEo:1u238a:5fGwrGvj0OzVvLGMbgbACWcVilnq6bhSkm9bPLrBkH8",
    "expire_date": "2025-04-08T10:12:48.121Z"
  }
},
{
  "model": "sessions.session",
  "pk": "ao272wez69ub0osyw64fu0tms2flmvb9",
  "fields": {
    "session_data": ".eJxVjEsOAiEQBe_C2hABm49L956BNHQjowaSYWZlvLtOMgvdvqp6LxFxXWpcB89xInEWWhx-t4T5wW0DdMd26zL3tsxTkpsidzrktRM_L7v7d1Bx1G8duCQIFoMJYMg6TAqYdMGMKilrSXv0DJgJ3InBU7FF6ww6sHVH48T7A_5rOEo:1u7Cpz:k0Jm5ZryT_gzR9p-uCgok8l3L_H4c0DZ9fPy1PN8HFM",
    "expire_date": "2025-04-22T15:34:55.729Z"
  }
},
{
  "model": "sessions.session",
  "pk": "b99k5zetklh0jjeabtbtoiik2bvp8dw4",
  "fields": {
    "session_data": "e30:1tySeT:jzsGSenMozVozdLO7pn85DUKFNyfYJ094X_NLm7tx1M",
    "expire_date": "2025-03-29T12:38:53.427Z"
  }
},
{
  "model": "sessions.session",
  "pk": "bi5s7vadlud1f96egz3wfa68qrs5sn9m",
  "fields": {
    "session_data": ".eJxVjDsOwjAQBe_iGlmbNf5R0nOGaP1ZHEC2FCcV4u7IUgpo38y8t5hp38q897zOSxIXgeL0uwWKz1wHSA-q9yZjq9u6BDkUedAuby3l1_Vw_w4K9TJqzYw2IBgAzU4RqbMLpMLERhlvMTKaxOAhAU_ekKFkmRxSRus0ic8X4f43_A:1ty31h:3O-HI9Ump7gWvLjSvOWZbzlOp4wp-gfaq0Zkix4U0xA",
    "expire_date": "2025-03-28T09:17:09.204Z"
  }
},
{
  "model": "sessions.session",
  "pk": "cf8cqk8eo2fk4sw84hriq53k9w8ocs4w",
  "fields": {
    "session_data": ".eJxVjEsOAiEQBe_C2hABm49L956BNHQjowaSYWZlvLtOMgvdvqp6LxFxXWpcB89xInEWWhx-t4T5wW0DdMd26zL3tsxTkpsidzrktRM_L7v7d1Bx1G8duCQIFoMJYMg6TAqYdMGMKilrSXv0DJgJ3InBU7FF6ww6sHVH48T7A_5rOEo:1u38lY:nd543qgtJyHg7NfK_HJExuMdSl1aaT5ScfQ3vdnMPHg",
    "expire_date": "2025-04-11T10:25:32.859Z"
  }
},
{
  "model": "sessions.session",
  "pk": "dp195kchrvitmhheuf677621g5eox8sn",
  "fields": {
    "session_data": ".eJxVjEsOAiEQBe_C2hABm49L956BNHQjowaSYWZlvLtOMgvdvqp6LxFxXWpcB89xInEWWhx-t4T5wW0DdMd26zL3tsxTkpsidzrktRM_L7v7d1Bx1G8duCQIFoMJYMg6TAqYdMGMKilrSXv0DJgJ3InBU7FF6ww6sHVH48T7A_5rOEo:1u7Z2k:R1hcccXCVv8tpah-5Wpgs-LeimiGyF_LPixxrgEOPCs",
    "expire_date": "2025-04-23T15:17:34.492Z"
  }
},
{
  "model": "sessions.session",
  "pk": "eakopoz7fngq3bs5fiu15u7vd5jg8i9o",
  "fields": {
    "session_data": ".eJxVjEsOAiEQBe_C2hABm49L956BNHQjowaSYWZlvLtOMgvdvqp6LxFxXWpcB89xInEWWhx-t4T5wW0DdMd26zL3tsxTkpsidzrktRM_L7v7d1Bx1G8duCQIFoMJYMg6TAqYdMGMKilrSXv0DJgJ3InBU7FF6ww6sHVH48T7A_5rOEo:1u1lpP:al-12QlDdUgA2w3VZtfndkT5AgmWU2UOrON09nQMNGA",
    "expire_date": "2025-04-07T15:43:51.803Z"
  }
},
{
  "model": "sessions.session",
  "pk": "es8rcmaifwinuby9r6svqwngsr81vafi",
  "fields": {
    "session_data": ".eJxVjEsOAiEQBe_C2hABm49L956BNHQjowaSYWZlvLtOMgvdvqp6LxFxXWpcB89xInEWWhx-t4T5wW0DdMd26zL3tsxTkpsidzrktRM_L7v7d1Bx1G8duCQIFoMJYMg6TAqYdMGMKilrSXv0DJgJ3InBU7FF6ww6sHVH48T7A_5rOEo:1u2QtW:U4VwghSbhl4cHiLVIuD3jzgucfpps_Hbft7p5cBVNZ4",
    "expire_date": "2025-04-09T11:34:50.153Z"
  }
},
{
  "model": "sessions.session",
  "pk": "fsrlrzrlzdj7fqohc0lxvr3n6jnoatfn",
  "fields": {
    "session_data": ".eJxVjEsOAiEQBe_C2hABm49L956BNHQjowaSYWZlvLtOMgvdvqp6LxFxXWpcB89xInEWWhx-t4T5wW0DdMd26zL3tsxTkpsidzrktRM_L7v7d1Bx1G8duCQIFoMJYMg6TAqYdMGMKilrSXv0DJgJ3InBU7FF6ww6sHVH48T7A_5rOEo:1u2r2a:yqmgbjibxzgOp63MAdVUjJVc8WF72rVvrCcShAjrBCg",
    "expire_date": "2025-04-10T15:29:56.046Z"
  }
},
{
  "model": "sessions.session",
  "pk": "fug9v2e77ommy2q93xv4zyg7qcae3apz",
  "fields": {
    "session_data": ".eJxVjEsOAiEQBe_C2hABm49L956BNHQjowaSYWZlvLtOMgvdvqp6LxFxXWpcB89xInEWWhx-t4T5wW0DdMd26zL3tsxTkpsidzrktRM_L7v7d1Bx1G8duCQIFoMJYMg6TAqYdMGMKilrSXv0DJgJ3InBU7FF6ww6sHVH48T7A_5rOEo:1u4ejX:RifVOxyrYT_AjJXzlUiKNAnJh7yw5kgydruPW4Z8MPE",
    "expire_date": "2025-04-15T14:45:43.387Z"
  }
},
{
  "model": "sessions.session",
  "pk": "g1g3kjv7i3m810pzu7r1az6c03xsb2w3",
  "fields": {
    "session_data": ".eJxVjDsOwjAQBe_iGlmbNf5R0nOGaP1ZHEC2FCcV4u7IUgpo38y8t5hp38q897zOSxIXgeL0uwWKz1wHSA-q9yZjq9u6BDkUedAuby3l1_Vw_w4K9TJqzYw2IBgAzU4RqbMLpMLERhlvMTKaxOAhAU_ekKFkmRxSRus0ic8X4f43_A:1ty3Nz:vVUNsrEPANZ4VkfvBTCd1VHI38wrAh4M9mdRFuK4rTE",
    "expire_date": "2025-03-28T09:40:11.455Z"
  }
},
{
  "model": "sessions.session",
  "pk": "hg7lxqxhgelza2r841hkwt367bm84wwf",
  "fields": {
    "session_data": ".eJxVjEsOAiEQBe_C2hABm49L956BNHQjowaSYWZlvLtOMgvdvqp6LxFxXWpcB89xInEWWhx-t4T5wW0DdMd26zL3tsxTkpsidzrktRM_L7v7d1Bx1G8duCQIFoMJYMg6TAqYdMGMKilrSXv0DJgJ3InBU7FF6ww6sHVH48T7A_5rOEo:1u3C3k:biXHLXWeGBIIQU_wlbdQEgEDDkDVWQdrhjWi2QVnSzw",
    "expire_date": "2025-04-11T13:56:32.209Z"
  }
},
{
  "model": "sessions.session",
  "pk": "hq2f0b7qagq7bzh10cnggrxoua6n5vf6",
  "fields": {
    "session_data": ".eJxVjEsOAiEQBe_C2hABm49L956BNHQjowaSYWZlvLtOMgvdvqp6LxFxXWpcB89xInEWWhx-t4T5wW0DdMd26zL3tsxTkpsidzrktRM_L7v7d1Bx1G8duCQIFoMJYMg6TAqYdMGMKilrSXv0DJgJ3InBU7FF6ww6sHVH48T7A_5rOEo:1u4dza:cdziBj2xmAgSdJcyYXcMg5RD1SQ2Al0E2p2vgsQEsnc",
    "expire_date": "2025-04-15T13:58:14.677Z"
  }
},
{
  "model": "sessions.session",
  "pk": "ii5u9f37r6ya97tals472g1ho59ihtb4",
  "fields": {
    "session_data": ".eJxVjEsOAiEQBe_C2hABm49L956BNHQjowaSYWZlvLtOMgvdvqp6LxFxXWpcB89xInEWWhx-t4T5wW0DdMd26zL3tsxTkpsidzrktRM_L7v7d1Bx1G8duCQIFoMJYMg6TAqYdMGMKilrSXv0DJgJ3InBU7FF6ww6sHVH48T7A_5rOEo:1u2v4K:yMb70Csej5V_lzZF9G52xLXmGXHDKGB3ibroUKvhLAI",
    "expire_date": "2025-04-10T19:48:00.665Z"
  }
},
{
  "model": "sessions.session",
  "pk": "k2x7lx2rziuwbq3kn7eedby0siaidkj0",
  "fields": {
    "session_data": ".eJxVjEsOAiEQBe_C2hABm49L956BNHQjowaSYWZlvLtOMgvdvqp6LxFxXWpcB89xInEWWhx-t4T5wW0DdMd26zL3tsxTkpsidzrktRM_L7v7d1Bx1G8duCQIFoMJYMg6TAqYdMGMKilrSXv0DJgJ3InBU7FF6ww6sHVH48T7A_5rOEo:1u5Lx5:mT7l2beVxVx9gCUszTaW8ikh4AhM-NxWX3pXcrDol0E",
    "expire_date": "2025-04-17T12:54:35.417Z"
  }
},
{
  "model": "sessions.session",
  "pk": "keiggosfzy7q9wldl8xrwp2l65ndxrre",
  "fields": {
    "session_data": ".eJxVjDsOwjAQBe_iGlmbNf5R0nOGaP1ZHEC2FCcV4u7IUgpo38y8t5hp38q897zOSxIXgeL0uwWKz1wHSA-q9yZjq9u6BDkUedAuby3l1_Vw_w4K9TJqzYw2IBgAzU4RqbMLpMLERhlvMTKaxOAhAU_ekKFkmRxSRus0ic8X4f43_A:1ty7WE:jBSg8gUVEVMKpAHEvYfUInMN-TuqbWaYZdRxbKwvHwI",
    "expire_date": "2025-03-28T14:04:58.631Z"
  }
},
{
  "model": "sessions.session",
  "pk": "mkrztmkn0xo078i76bwu7v0te6bzid1x",
  "fields": {
    "session_data": ".eJxVjEsOAiEQBe_C2hABm49L956BNHQjowaSYWZlvLtOMgvdvqp6LxFxXWpcB89xInEWWhx-t4T5wW0DdMd26zL3tsxTkpsidzrktRM_L7v7d1Bx1G8duCQIFoMJYMg6TAqYdMGMKilrSXv0DJgJ3InBU7FF6ww6sHVH48T7A_5rOEo:1u10mn:PLwi0T4UGk8iQf23Ce4ds5hug4tXME-H6Bx2pBxgIq0",
    "expire_date": "2025-04-05T13:30:01.135Z"
  }
},
{
  "model": "sessions.session",
  "pk": "nrvfl29diu6py8lzuv1q4vyerxvdfngh",
  "fields": {
    "session_data": ".eJxVjEsOAiEQBe_C2hABm49L956BNHQjowaSYWZlvLtOMgvdvqp6LxFxXWpcB89xInEWWhx-t4T5wW0DdMd26zL3tsxTkpsidzrktRM_L7v7d1Bx1G8duCQIFoMJYMg6TAqYdMGMKilrSXv0DJgJ3InBU7FF6ww6sHVH48T7A_5rOEo:1u5Nas:4t9Gq4bGZRWDkk3QGB3V0IHVO846Puh0hCEaK4bfFBk",
    "expire_date": "2025-04-17T14:39:46.511Z"
  }
},
{
  "model": "sessions.session",
  "pk": "o7dpx38ze5t4ueg1x6eno31z4086o2f5",
  "fields": {
    "session_data": ".eJxVjEsOAiEQBe_C2hABm49L956BNHQjowaSYWZlvLtOMgvdvqp6LxFxXWpcB89xInEWWhx-t4T5wW0DdMd26zL3tsxTkpsidzrktRM_L7v7d1Bx1G8duCQIFoMJYMg6TAqYdMGMKilrSXv0DJgJ3InBU7FF6ww6sHVH48T7A_5rOEo:1u4f1u:30AeSgd13V6VtTAuBq8JmAjubHXjD3Mfe94Tpxel-KA",
    "expire_date": "2025-04-15T15:04:42.440Z"
  }
},
{
  "model": "sessions.session",
  "pk": "ofxffaupwyr33gty8nkjd1ke2gm1itmm",
  "fields": {
    "session_data": ".eJxVjEsOAiEQBe_C2hABm49L956BNHQjowaSYWZlvLtOMgvdvqp6LxFxXWpcB89xInEWWhx-t4T5wW0DdMd26zL3tsxTkpsidzrktRM_L7v7d1Bx1G8duCQIFoMJYMg6TAqYdMGMKilrSXv0DJgJ3InBU7FF6ww6sHVH48T7A_5rOEo:1u5Q2P:IWfnpeX9mOUyK7USw2GJRpfzLbNEN6xS8M6hIfVNqV8",
    "expire_date": "2025-04-17T17:16:21.174Z"
  }
},
{
  "model": "sessions.session",
  "pk": "pe7bi65sufjbcsi7f5ar9zfse7rsqrrg",
  "fields": {
    "session_data": ".eJxVjDsOwjAQBe_iGlmbNf5R0nOGaP1ZHEC2FCcV4u7IUgpo38y8t5hp38q897zOSxIXgeL0uwWKz1wHSA-q9yZjq9u6BDkUedAuby3l1_Vw_w4K9TJqzYw2IBgAzU4RqbMLpMLERhlvMTKaxOAhAU_ekKFkmRxSRus0ic8X4f43_A:1u0lXG:d3wR4bQeYPxn-eyFioFK8Y1OMm1lp1MekFCO_xqFMGc",
    "expire_date": "2025-04-04T21:12:58.627Z"
  }
},
{
  "model": "sessions.session",
  "pk": "qyb2dcl7bdsem1vzze7wobl8vidanpny",
  "fields": {
    "session_data": ".eJxVjEsOAiEQBe_C2hABm49L956BNHQjowaSYWZlvLtOMgvdvqp6LxFxXWpcB89xInEWWhx-t4T5wW0DdMd26zL3tsxTkpsidzrktRM_L7v7d1Bx1G8duCQIFoMJYMg6TAqYdMGMKilrSXv0DJgJ3InBU7FF6ww6sHVH48T7A_5rOEo:1u5OEN:bmZmu66jWIbZQjf8h-OHi1AZoj1dCevFIrE3_-HLqQE",
    "expire_date": "2025-04-17T15:20:35.982Z"
  }
},
{
  "model": "sessions.session",
  "pk": "rmsn7r5v0x49pt659fnvdawiddd8ptty",
  "fields": {
    "session_data": ".eJxVjDsOwjAQBe_iGlmbNf5R0nOGaP1ZHEC2FCcV4u7IUgpo38y8t5hp38q897zOSxIXgeL0uwWKz1wHSA-q9yZjq9u6BDkUedAuby3l1_Vw_w4K9TJqzYw2IBgAzU4RqbMLpMLERhlvMTKaxOAhAU_ekKFkmRxSRus0ic8X4f43_A:1u0Jku:9utuR2lVRYTbm-3j08eHn6sK83P_3X_6Wm4bleUnXl4",
    "expire_date": "2025-04-03T15:33:12.325Z"
  }
},
{
  "model": "sessions.session",
  "pk": "s1xwquwexsyacqx4k2dvxcdyhm1u0c0j",
  "fields": {
    "session_data": ".eJxVjEsOAiEQBe_C2hABm49L956BNHQjowaSYWZlvLtOMgvdvqp6LxFxXWpcB89xInEWWhx-t4T5wW0DdMd26zL3tsxTkpsidzrktRM_L7v7d1Bx1G8duCQIFoMJYMg6TAqYdMGMKilrSXv0DJgJ3InBU7FF6ww6sHVH48T7A_5rOEo:1u4anY:YpQHK6k3ZPrh7tM_yQSDYRUIgap8QZznW40guIIhgaM",
    "expire_date": "2025-04-15T10:33:36.833Z"
  }
},
{
  "model": "sessions.session",
  "pk": "smfjftow3e6lnjgxo1elrkzes6xrga1f",
  "fields": {
    "session_data": ".eJxVjEsOAiEQBe_C2hABm49L956BNHQjowaSYWZlvLtOMgvdvqp6LxFxXWpcB89xInEWWhx-t4T5wW0DdMd26zL3tsxTkpsidzrktRM_L7v7d1Bx1G8duCQIFoMJYMg6TAqYdMGMKilrSXv0DJgJ3InBU7FF6ww6sHVH48T7A_5rOEo:1u4ZTK:a-_9b4t0WlbL2URxo4z9_P1GFZyeyi0c491M1QhGg-U",
    "expire_date": "2025-04-15T09:08:38.735Z"
  }
},
{
  "model": "sessions.session",
  "pk": "ss9emetmkdzojlpamkeonnrco84afq7j",
  "fields": {
    "session_data": ".eJxVjDsOwjAQBe_iGlmbNf5R0nOGaP1ZHEC2FCcV4u7IUgpo38y8t5hp38q897zOSxIXgeL0uwWKz1wHSA-q9yZjq9u6BDkUedAuby3l1_Vw_w4K9TJqzYw2IBgAzU4RqbMLpMLERhlvMTKaxOAhAU_ekKFkmRxSRus0ic8X4f43_A:1u0fUT:N8ixVtSE6LiFEoguabFpRU2Dd5ERz1f_TUOQ3U83BJ8",
    "expire_date": "2025-04-04T14:45:41.233Z"
  }
},
{
  "model": "sessions.session",
  "pk": "tr2o7j0drxshq4rx9yfaa4934kr7owsu",
  "fields": {
    "session_data": ".eJxVjEsOAiEQBe_C2hABm49L956BNHQjowaSYWZlvLtOMgvdvqp6LxFxXWpcB89xInEWWhx-t4T5wW0DdMd26zL3tsxTkpsidzrktRM_L7v7d1Bx1G8duCQIFoMJYMg6TAqYdMGMKilrSXv0DJgJ3InBU7FF6ww6sHVH48T7A_5rOEo:1u3DRj:ZSmfy2EKm51yWet4rzS1jElhGZZ-HKCeQ8PQmQAm-gs",
    "expire_date": "2025-04-11T15:25:23.356Z"
  }
},
{
  "model": "sessions.session",
  "pk": "u4ka8c7gibb5ek5gvp3cw20dls6xczwq",
  "fields": {
    "session_data": ".eJxVjEsOAiEQBe_C2hABm49L956BNHQjowaSYWZlvLtOMgvdvqp6LxFxXWpcB89xInEWWhx-t4T5wW0DdMd26zL3tsxTkpsidzrktRM_L7v7d1Bx1G8duCQIFoMJYMg6TAqYdMGMKilrSXv0DJgJ3InBU7FF6ww6sHVH48T7A_5rOEo:1u4ZYs:9Hhr9h5MwmgF6XKwyNMY7JzMJXN0n5R77BFggMx0JPM",
    "expire_date": "2025-04-15T09:14:22.450Z"
  }
},
{
  "model": "sessions.session",
  "pk": "u786no06yq4arwupzsz3i856lyhe139b",
  "fields": {
    "session_data": ".eJxVjEsOAiEQBe_C2hABm49L956BNHQjowaSYWZlvLtOMgvdvqp6LxFxXWpcB89xInEWWhx-t4T5wW0DdMd26zL3tsxTkpsidzrktRM_L7v7d1Bx1G8duCQIFoMJYMg6TAqYdMGMKilrSXv0DJgJ3InBU7FF6ww6sHVH48T7A_5rOEo:1u6liJ:M8m4kgseUyMsxzg7f_QLtWeLQwSTUKKlGYbbzVu0PBM",
    "expire_date": "2025-04-21T10:37:11.393Z"
  }
},
{
  "model": "sessions.session",
  "pk": "ujavm23zg2e99vpfqaj86ipy4gyaita4",
  "fields": {
    "session_data": ".eJxVjEsOAiEQBe_C2hABm49L956BNHQjowaSYWZlvLtOMgvdvqp6LxFxXWpcB89xInEWWhx-t4T5wW0DdMd26zL3tsxTkpsidzrktRM_L7v7d1Bx1G8duCQIFoMJYMg6TAqYdMGMKilrSXv0DJgJ3InBU7FF6ww6sHVH48T7A_5rOEo:1u8d5L:vkdocvbT_ZN2DAuzOY5jMBmHAMQlAldQwtjjy_ZkGTg",
    "expire_date": "2025-04-26T13:48:39.875Z"
  }
},
{
  "model": "sessions.session",
  "pk": "v0tjtoc9gmuye1e1kq3axffhd7xrmncu",
  "fields": {
    "session_data": ".eJxVjEsOAiEQBe_C2hABm49L956BNHQjowaSYWZlvLtOMgvdvqp6LxFxXWpcB89xInEWWhx-t4T5wW0DdMd26zL3tsxTkpsidzrktRM_L7v7d1Bx1G8duCQIFoMJYMg6TAqYdMGMKilrSXv0DJgJ3InBU7FF6ww6sHVH48T7A_5rOEo:1u6tL6:-a8c8n8RuhjOXoG-QP3VurJ4Cx0qMVqazpTAbpJhExo",
    "expire_date": "2025-04-21T18:45:44.874Z"
  }
},
{
  "model": "sessions.session",
  "pk": "v0vpsxi8xpldej0otf8axwclp7mgz6c7",
  "fields": {
    "session_data": ".eJxVjDsOwjAQBe_iGlmbNf5R0nOGaP1ZHEC2FCcV4u7IUgpo38y8t5hp38q897zOSxIXgeL0uwWKz1wHSA-q9yZjq9u6BDkUedAuby3l1_Vw_w4K9TJqzYw2IBgAzU4RqbMLpMLERhlvMTKaxOAhAU_ekKFkmRxSRus0ic8X4f43_A:1txfum:3jQC28Dv8TChXAYWO7qNE9HKWU5Is_n3vQQL7Sl4SYQ",
    "expire_date": "2025-03-27T08:36:28.422Z"
  }
},
{
  "model": "sessions.session",
  "pk": "vdzovv8v0v1i99s8bu1p37xekoqnu1pa",
  "fields": {
    "session_data": ".eJxVjEsOAiEQBe_C2hABm49L956BNHQjowaSYWZlvLtOMgvdvqp6LxFxXWpcB89xInEWWhx-t4T5wW0DdMd26zL3tsxTkpsidzrktRM_L7v7d1Bx1G8duCQIFoMJYMg6TAqYdMGMKilrSXv0DJgJ3InBU7FF6ww6sHVH48T7A_5rOEo:1u2DYG:Q7c0dCOcrrMaNJNSODWjeHadnVSsze01Corkn0DTmCM",
    "expire_date": "2025-04-08T21:20:00.993Z"
  }
},
{
  "model": "sessions.session",
  "pk": "w340932ip4d7jvl1p6mqj9hw0a4w6cep",
  "fields": {
    "session_data": ".eJxVjEsOAiEQBe_C2hABm49L956BNHQjowaSYWZlvLtOMgvdvqp6LxFxXWpcB89xInEWWhx-t4T5wW0DdMd26zL3tsxTkpsidzrktRM_L7v7d1Bx1G8duCQIFoMJYMg6TAqYdMGMKilrSXv0DJgJ3InBU7FF6ww6sHVH48T7A_5rOEo:1u2uxn:MLaioM06jjPgGGr6mW5cPrC5kfTU6CuN91iNDUiRj_w",
    "expire_date": "2025-04-10T19:41:15.325Z"
  }
},
{
  "model": "sessions.session",
  "pk": "x0klw9qbtvyqsxuknsjoi78p788e300f",
  "fields": {
    "session_data": ".eJxVjEsOAiEQBe_C2hABm49L956BNHQjowaSYWZlvLtOMgvdvqp6LxFxXWpcB89xInEWWhx-t4T5wW0DdMd26zL3tsxTkpsidzrktRM_L7v7d1Bx1G8duCQIFoMJYMg6TAqYdMGMKilrSXv0DJgJ3InBU7FF6ww6sHVH48T7A_5rOEo:1u4ZaP:u1ECF29SqG6P8bO-4YdzuBP-RUTkqAvu59duQddeJwo",
    "expire_date": "2025-04-15T09:15:57.908Z"
  }
},
{
  "model": "sessions.session",
  "pk": "x98f1oxjivf4h4sd0484yb8l3iitts4p",
  "fields": {
    "session_data": ".eJxVjEsOAiEQBe_C2hABm49L956BNHQjowaSYWZlvLtOMgvdvqp6LxFxXWpcB89xInEWWhx-t4T5wW0DdMd26zL3tsxTkpsidzrktRM_L7v7d1Bx1G8duCQIFoMJYMg6TAqYdMGMKilrSXv0DJgJ3InBU7FF6ww6sHVH48T7A_5rOEo:1u7vgN:Dsw4RGH7faLsW4mRFbbkVdfXzxwLSfo3amej64WyzLw",
    "expire_date": "2025-04-24T15:27:59.922Z"
  }
},
{
  "model": "sessions.session",
  "pk": "xnqlcv90ncnhclonilwofw7sq9k0nkrw",
  "fields": {
    "session_data": ".eJxVjEsOAiEQBe_C2hABm49L956BNHQjowaSYWZlvLtOMgvdvqp6LxFxXWpcB89xInEWWhx-t4T5wW0DdMd26zL3tsxTkpsidzrktRM_L7v7d1Bx1G8duCQIFoMJYMg6TAqYdMGMKilrSXv0DJgJ3InBU7FF6ww6sHVH48T7A_5rOEo:1u6PbC:nPbT3Wb4Hst0XIbij_hKfVKosQ6LPwMqPyJ5U-xiOKg",
    "expire_date": "2025-04-20T11:00:22.208Z"
  }
},
{
  "model": "sessions.session",
  "pk": "ykf16k0htsvqk7ag2yhfia3l47d7yppx",
  "fields": {
    "session_data": ".eJxVjEsOAiEQBe_C2hABm49L956BNHQjowaSYWZlvLtOMgvdvqp6LxFxXWpcB89xInEWWhx-t4T5wW0DdMd26zL3tsxTkpsidzrktRM_L7v7d1Bx1G8duCQIFoMJYMg6TAqYdMGMKilrSXv0DJgJ3InBU7FF6ww6sHVH48T7A_5rOEo:1u5K5m:KZtCBi_BUxwdTxDY6J_2pv2yRVv8Xfp9fmlVVc0WT-U",
    "expire_date": "2025-04-17T10:55:26.997Z"
  }
},
{
  "model": "sessions.session",
  "pk": "yl79au1x1h8k6ssnt7anowvfnjxzbdrn",
  "fields": {
    "session_data": ".eJxVjEsOAiEQBe_C2hABm49L956BNHQjowaSYWZlvLtOMgvdvqp6LxFxXWpcB89xInEWWhx-t4T5wW0DdMd26zL3tsxTkpsidzrktRM_L7v7d1Bx1G8duCQIFoMJYMg6TAqYdMGMKilrSXv0DJgJ3InBU7FF6ww6sHVH48T7A_5rOEo:1u77W3:klN17r3kI-nkIc84EIA7UDf4u10dsUzsK3JUUdOBmUs",
    "expire_date": "2025-04-22T09:53:59.228Z"
  }
},
{
  "model": "sessions.session",
  "pk": "yzehxxxs5p5wkl04c5ub3juwemgn27tn",
  "fields": {
    "session_data": ".eJxVjEsOAiEQBe_C2hABm49L956BNHQjowaSYWZlvLtOMgvdvqp6LxFxXWpcB89xInEWWhx-t4T5wW0DdMd26zL3tsxTkpsidzrktRM_L7v7d1Bx1G8duCQIFoMJYMg6TAqYdMGMKilrSXv0DJgJ3InBU7FF6ww6sHVH48T7A_5rOEo:1u5ksw:9Tb6UvOdUHhofn6tJS5FRi6twqb3ie8WpTHTnl4xloE",
    "expire_date": "2025-04-18T15:31:58.111Z"
  }
},
{
  "model": "corecode.siteconfig",
  "pk": 1,
  "fields": {
    "key": "school_name",
    "value": "My School",
    "college_name": null,
    "college_address": null,
    "college_email": null,
    "college_phone": null,
    "college_logo": "",
    "established_year": null,
    "principal_name": null,
    "college_type": null
  }
},
{
  "model": "corecode.siteconfig",
  "pk": 2,
  "fields": {
    "key": "school_slogan",
    "value": "A great school",
    "college_name": null,
    "college_address": null,
    "college_email": null,
    "college_phone": null,
    "college_logo": "",
    "established_year": null,
    "principal_name": null,
    "college_type": null
  }
},
{
  "model": "corecode.siteconfig",
  "pk": 3,
  "fields": {
    "key": "school_address",
    "value": "Lucknow, India ",
    "college_name": null,
    "college_address": null,
    "college_email": null,
    "college_phone": null,
    "college_logo": "",
    "established_year": null,
    "principal_name": null,
    "college_type": null
  }
},
{
  "model": "corecode.academicsession",
  "pk": 2,
  "fields": {
    "name": "2024-25",
    "current": true
  }
},
{
  "model": "corecode.academicterm",
  "pk": 1,
  "fields": {
    "name": "1st Term",
    "current": true
  }
},
{
  "model": "corecode.academicterm",
  "pk": 2,
  "fields": {
    "name": "2nd Term",
    "current": false
  }
},
{
  "model": "corecode.academicterm",
  "pk": 3,
  "fields": {
    "name": "3rd Term",
    "current": false
  }
},
{
  "model": "corecode.subject",
  "pk": 1,
  "fields": {
    "name": "Mathematics",
    "description": null,
    "code": null,
    "department": null,
    "is_active": true,
    "created_at": "2025-04-21T05:43:05.887Z",
    "updated_at": "2025-04-21T05:43:05.924Z"
  }
},
{
  "model": "corecode.subject",
  "pk": 2,
  "fields": {
    "name": "English",
    "description": null,
    "code": null,
    "department": null,
    "is_active": true,
    "created_at": "2025-04-21T05:43:05.887Z",
    "updated_at": "2025-04-21T05:43:05.924Z"
  }
},
{
  "model": "corecode.subject",
  "pk": 3,
  "fields": {
    "name": "Hindi",
    "description": null,
    "code": null,
    "department": null,
    "is_active": true,
    "created_at": "2025-04-21T05:43:05.887Z",
    "updated_at": "2025-04-21T05:43:05.924Z"
  }
},
{
  "model": "corecode.subject",
  "pk": 4,
  "fields": {
    "name": "BIO",
    "description": "",
    "code": "",
    "department": "Arts",
    "is_active": true,
    "created_at": "2025-04-21T05:43:05.887Z",
    "updated_at": "2025-04-21T06:19:54.887Z"
  }
},
{
  "model": "corecode.subject",
  "pk": 5,
  "fields": {
    "name": "Business  study",
    "description": null,
    "code": null,
    "department": null,
    "is_active": true,
    "created_at": "2025-04-23T20:07:04.953Z",
    "updated_at": "2025-04-23T20:07:04.954Z"
  }
},
{
  "model": "corecode.studentclass",
  "pk": 3,
  "fields": {
    "name": "8"
  }
},
{
  "model": "corecode.studentclass",
  "pk": 4,
  "fields": {
    "name": "9"
  }
},
{
  "model": "corecode.studentclass",
  "pk": 5,
  "fields": {
    "name": "10"
  }
},
{
  "model": "corecode.studentclass",
  "pk": 6,
  "fields": {
    "name": "11"
  }
},
{
  "model": "corecode.studentclass",
  "pk": 7,
  "fields": {
    "name": "12"
  }
},
{
  "model": "corecode.studentclass",
  "pk": 8,
  "fields": {
    "name": "7"
  }
},
{
  "model": "corecode.classsubject",
  "pk": 1,
  "fields": {
    "subject": 4,
    "student_class": 5,
    "section": "",
    "teacher": null,
    "is_active": true,
    "created_at": "2025-04-21T06:36:19.275Z",
    "updated_at": "2025-04-21T06:36:19.275Z"
  }
},
{
  "model": "corecode.classsubject",
  "pk": 2,
  "fields": {
    "subject": 2,
    "student_class": 6,
    "section": "",
    "teacher": null,
    "is_active": true,
    "created_at": "2025-04-21T06:38:53.533Z",
    "updated_at": "2025-04-21T06:38:53.533Z"
  }
},
{
  "model": "corecode.classsubject",
  "pk": 3,
  "fields": {
    "subject": 2,
    "student_class": 4,
    "section": "",
    "teacher": null,
    "is_active": true,
    "created_at": "2025-04-21T06:38:53.537Z",
    "updated_at": "2025-04-21T06:38:53.537Z"
  }
},
{
  "model": "corecode.classsubject",
  "pk": 4,
  "fields": {
    "subject": 2,
    "student_class": 5,
    "section": "",
    "teacher": null,
    "is_active": true,
    "created_at": "2025-04-21T06:38:53.570Z",
    "updated_at": "2025-04-21T06:38:53.570Z"
  }
},
{
  "model": "corecode.classsubject",
  "pk": 5,
  "fields": {
    "subject": 2,
    "student_class": 7,
    "section": "",
    "teacher": null,
    "is_active": true,
    "created_at": "2025-04-21T06:38:53.615Z",
    "updated_at": "2025-04-21T06:38:53.615Z"
  }
},
{
  "model": "corecode.classsubject",
  "pk": 6,
  "fields": {
    "subject": 2,
    "student_class": 8,
    "section": "",
    "teacher": null,
    "is_active": true,
    "created_at": "2025-04-21T06:38:53.659Z",
    "updated_at": "2025-04-21T06:38:53.661Z"
  }
},
{
  "model": "corecode.classsubject",
  "pk": 7,
  "fields": {
    "subject": 2,
    "student_class": 3,
    "section": "",
    "teacher": null,
    "is_active": true,
    "created_at": "2025-04-21T06:38:53.684Z",
    "updated_at": "2025-04-21T06:38:53.684Z"
  }
},
{
  "model": "corecode.collegeprofile",
  "pk": 1,
  "fields": {
    "college_name": "Ktyr University",
    "college_address": "Lucknow",
    "college_email": "amanktyrrr@gmail.com",
    "college_phone": "01335665865",
    "college_logo": "college_logos/college_lgoooo_wLVF410.jpg",
    "established_year": 2020,
    "principal_name": "amanktyr",
    "college_type": "Private",
    "admin_email": "ktyrpro@gmail.com",
    "admin_contact": "1234567",
    "facebook_link": "https://www.facebook.com/",
    "twitter_link": "https://www.x.com/",
    "linkedin_link": "https://www.linkedin.com/"
  }
},
{
  "model": "corecode.feesettings",
  "pk": 1,
  "fields": {
    "class_name": 5,
    "section": "A",
    "frequency": "Monthly",
    "created_at": "2025-04-07T11:31:55.532Z",
    "updated_at": "2025-04-23T20:10:01.880Z"
  }
},
{
  "model": "corecode.feesettings",
  "pk": 2,
  "fields": {
    "class_name": 6,
    "section": "",
    "frequency": "Quarterly",
    "created_at": "2025-04-07T11:42:27.020Z",
    "updated_at": "2025-04-07T11:42:27.032Z"
  }
},
{
  "model": "corecode.feesettings",
  "pk": 3,
  "fields": {
    "class_name": 6,
    "section": "A",
    "frequency": "Monthly",
    "created_at": "2025-04-11T09:18:18.144Z",
    "updated_at": "2025-04-11T09:18:33.755Z"
  }
},
{
  "model": "corecode.feesettings",
  "pk": 4,
  "fields": {
    "class_name": 4,
    "section": "A",
    "frequency": "Monthly",
    "created_at": "2025-04-15T11:26:14.766Z",
    "updated_at": "2025-04-15T11:26:14.779Z"
  }
},
{
  "model": "corecode.feesettings",
  "pk": 5,
  "fields": {
    "class_name": 8,
    "section": "",
    "frequency": "Monthly",
    "created_at": "2025-04-17T13:59:53.896Z",
    "updated_at": "2025-04-17T14:00:13.589Z"
  }
},
{
  "model": "corecode.feesettings",
  "pk": 6,
  "fields": {
    "class_name": 8,
    "section": "A",
    "frequency": "Monthly",
    "created_at": "2025-04-18T04:57:26.953Z",
    "updated_at": "2025-04-18T05:01:12.491Z"
  }
},
{
  "model": "corecode.feestructure",
  "pk": 4,
  "fields": {
    "fee_settings": 2,
    "fee_type": "exam",
    "amount": "1231.00",
    "due_date": "2025-04-07",
    "late_fee": "0.00",
    "discount": "0.00"
  }
},
{
  "model": "corecode.feestructure",
  "pk": 8,
  "fields": {
    "fee_settings": 3,
    "fee_type": "exam",
    "amount": "1231.00",
    "due_date": "2025-04-30",
    "late_fee": "0.00",
    "discount": "0.00"
  }
},
{
  "model": "corecode.feestructure",
  "pk": 9,
  "fields": {
    "fee_settings": 3,
    "fee_type": "fee",
    "amount": "100.00",
    "due_date": "2025-04-30",
    "late_fee": "11.00",
    "discount": "1.00"
  }
},
{
  "model": "corecode.feestructure",
  "pk": 10,
  "fields": {
    "fee_settings": 4,
    "fee_type": "fee",
    "amount": "4000.00",
    "due_date": "2025-04-16",
    "late_fee": "10.00",
    "discount": "-1.00"
  }
},
{
  "model": "corecode.feestructure",
  "pk": 11,
  "fields": {
    "fee_settings": 5,
    "fee_type": "fee",
    "amount": "50000.00",
    "due_date": "2025-04-30",
    "late_fee": "10.00",
    "discount": "10.00"
  }
},
{
  "model": "corecode.feestructure",
  "pk": 14,
  "fields": {
    "fee_settings": 6,
    "fee_type": "fee",
    "amount": "50000.00",
    "due_date": "2025-04-29",
    "late_fee": "10.00",
    "discount": "10.00"
  }
},
{
  "model": "corecode.feestructure",
  "pk": 15,
  "fields": {
    "fee_settings": 6,
    "fee_type": "exam",
    "amount": "1000.00",
    "due_date": "2025-04-29",
    "late_fee": "0.00",
    "discount": "0.00"
  }
},
{
  "model": "corecode.feestructure",
  "pk": 18,
  "fields": {
    "fee_settings": 1,
    "fee_type": "fee",
    "amount": "4000.00",
    "due_date": "2025-04-24",
    "late_fee": "10.00",
    "discount": "3.00"
  }
},
{
  "model": "corecode.feestructure",
  "pk": 19,
  "fields": {
    "fee_settings": 1,
    "fee_type": "exam",
    "amount": "654.00",
    "due_date": "2025-04-24",
    "late_fee": "5.00",
    "discount": "0.00"
  }
},
{
  "model": "corecode.feestructure",
  "pk": 20,
  "fields": {
    "fee_settings": 1,
    "fee_type": "bus",
    "amount": "4000.00",
    "due_date": "2025-04-24",
    "late_fee": "0.00",
    "discount": "0.00"
  }
},
{
  "model": "corecode.section",
  "pk": 1,
  "fields": {
    "name": "A",
    "student_class": 7,
    "description": "",
    "is_active": true,
    "created_at": "2025-04-21T07:35:08.365Z",
    "updated_at": "2025-04-21T07:35:08.365Z"
  }
},
{
  "model": "corecode.section",
  "pk": 2,
  "fields": {
    "name": "C",
    "student_class": 5,
    "description": "",
    "is_active": true,
    "created_at": "2025-04-21T07:36:30.651Z",
    "updated_at": "2025-04-21T07:36:30.651Z"
  }
},
{
  "model": "corecode.backup",
  "pk": 1,
  "fields": {
    "name": "backup_2025_04_24",
    "file_path": "D:\\Sipher Web\\Django School Management System\\sms\\backups\\backup_2025_04_24.zip",
    "backup_type": "custom",
    "format": "zip",
    "size": "3.5 MB",
    "size_bytes": 3683657,
    "created_at": "2025-04-24T05:22:58.919Z",
    "created_by": 2,
    "is_encrypted": false,
    "description": "Custom backup with components: students, staff, classes, results, attendance, fees, settings, database, media",
    "includes_students": true,
    "includes_staff": true,
    "includes_classes": true,
    "includes_results": true,
    "includes_attendance": true,
    "includes_fees": true,
    "includes_settings": true
  }
},
{
  "model": "corecode.automatedbackupsettings",
  "pk": 1,
  "fields": {
    "enabled": false,
    "frequency": "weekly",
    "backup_time": "05:22:31.206",
    "day_of_week": 0,
    "backup_type": "full",
    "retention_policy": "10",
    "notify_on_backup": true,
    "last_backup": null,
    "next_backup": null
  }
},
{
  "model": "students.student",
  "pk": 1,
  "fields": {
    "current_status": "active",
    "registration_number": "25101589",
    "fullname": "Rahul Shaha",
    "gender": "male",
    "category": "OBC",
    "aadhar": "123456789099",
    "date_of_birth": "2025-03-27",
    "current_class": 5,
    "section": "A",
    "date_of_admission": "2025-03-27",
    "mobile_number": "0987654322",
    "email_id": "",
    "Father_name": "Vinay",
    "Father_mobile_number": "9876543212",
    "Father_aadhar": "234567898765",
    "Mother_name": "Radhika",
    "address": "Lucknow",
    "others": "",
    "passport": ""
  }
},
{
  "model": "students.student",
  "pk": 2,
  "fields": {
    "current_status": "active",
    "registration_number": "25108754",
    "fullname": "Rahul Shaha",
    "gender": "male",
    "category": "N/A",
    "aadhar": "123456789099",
    "date_of_birth": "2025-04-05",
    "current_class": 5,
    "section": "A",
    "date_of_admission": "2025-04-05",
    "mobile_number": "0987654323",
    "email_id": "",
    "Father_name": "Vinay",
    "Father_mobile_number": "98765432123",
    "Father_aadhar": "234567898765",
    "Mother_name": "Radhika",
    "address": "Kannauj\r\nkannauj",
    "others": "",
    "passport": ""
  }
},
{
  "model": "students.student",
  "pk": 3,
  "fields": {
    "current_status": "active",
    "registration_number": "2586452",
    "fullname": "AK Katiyar",
    "gender": "male",
    "category": "OBC",
    "aadhar": "123456789099",
    "date_of_birth": "2025-04-07",
    "current_class": 3,
    "section": "A",
    "date_of_admission": "2025-04-07",
    "mobile_number": "01335665865",
    "email_id": "aman@gmail.com",
    "Father_name": "Vinay",
    "Father_mobile_number": "01335665865",
    "Father_aadhar": "234567898765",
    "Mother_name": "Radhika",
    "address": "Kannauj\r\nkannauj",
    "others": "",
    "passport": ""
  }
},
{
  "model": "students.student",
  "pk": 5,
  "fields": {
    "current_status": "active",
    "registration_number": "2581395",
    "fullname": "AK Katiyar",
    "gender": "male",
    "category": "OBC",
    "aadhar": "123456789099",
    "date_of_birth": "2025-04-10",
    "current_class": 3,
    "section": "A",
    "date_of_admission": "2025-04-10",
    "mobile_number": "01335665865",
    "email_id": "",
    "Father_name": "Vinay",
    "Father_mobile_number": "01335665865",
    "Father_aadhar": "234567898765",
    "Mother_name": "Radhika",
    "address": "qe",
    "others": "",
    "passport": ""
  }
},
{
  "model": "students.student",
  "pk": 6,
  "fields": {
    "current_status": "active",
    "registration_number": "259B001",
    "fullname": "demo latest",
    "gender": "male",
    "category": "OBC",
    "aadhar": "123456789099",
    "date_of_birth": "2025-04-10",
    "current_class": 4,
    "section": "B",
    "date_of_admission": "2025-04-10",
    "mobile_number": "01335665865",
    "email_id": "",
    "Father_name": "Vinay",
    "Father_mobile_number": "01335665865",
    "Father_aadhar": "234567898765",
    "Mother_name": "Radhika",
    "address": "Lucknow",
    "others": "",
    "passport": "students/passports/theach-dp.jpg"
  }
},
{
  "model": "students.student",
  "pk": 7,
  "fields": {
    "current_status": "active",
    "registration_number": "259B002",
    "fullname": "adsc",
    "gender": "male",
    "category": "OBC",
    "aadhar": "123456789099",
    "date_of_birth": "2025-04-11",
    "current_class": 4,
    "section": "B",
    "date_of_admission": "2025-04-11",
    "mobile_number": "01335665865",
    "email_id": "",
    "Father_name": "Vinay",
    "Father_mobile_number": "01335665865",
    "Father_aadhar": "234567898765",
    "Mother_name": "Radhika",
    "address": "as",
    "others": "",
    "passport": ""
  }
},
{
  "model": "students.student",
  "pk": 8,
  "fields": {
    "current_status": "active",
    "registration_number": "2511A001",
    "fullname": "AK Katiyar",
    "gender": "male",
    "category": "N/A",
    "aadhar": "123456789099",
    "date_of_birth": "2025-04-11",
    "current_class": 6,
    "section": "A",
    "date_of_admission": "2025-04-11",
    "mobile_number": "01335665865",
    "email_id": "",
    "Father_name": "Vinay",
    "Father_mobile_number": "01335665865",
    "Father_aadhar": "234567898765",
    "Mother_name": "Radhika",
    "address": "as",
    "others": "",
    "passport": ""
  }
},
{
  "model": "students.student",
  "pk": 9,
  "fields": {
    "current_status": "active",
    "registration_number": "2511A002",
    "fullname": "AK Katiyar",
    "gender": "male",
    "category": "N/A",
    "aadhar": "123456789099",
    "date_of_birth": "2025-04-11",
    "current_class": 6,
    "section": "A",
    "date_of_admission": "2025-04-11",
    "mobile_number": "01335665865",
    "email_id": "",
    "Father_name": "Vinay",
    "Father_mobile_number": "01335665865",
    "Father_aadhar": "234567898765",
    "Mother_name": "Radhika",
    "address": "",
    "others": "",
    "passport": ""
  }
},
{
  "model": "students.student",
  "pk": 10,
  "fields": {
    "current_status": "active",
    "registration_number": "259A001",
    "fullname": "Vikas",
    "gender": "male",
    "category": "Gen",
    "aadhar": "454654545455",
    "date_of_birth": "2025-02-13",
    "current_class": 8,
    "section": "A",
    "date_of_admission": "2025-04-17",
    "mobile_number": "63635654455",
    "email_id": "A@gmail.com",
    "Father_name": "Rahul",
    "Father_mobile_number": "4542112555",
    "Father_aadhar": "215456454545",
    "Mother_name": "Radhika",
    "address": "LKO",
    "others": "",
    "passport": ""
  }
},
{
  "model": "students.student",
  "pk": 11,
  "fields": {
    "current_status": "active",
    "registration_number": "2510A001",
    "fullname": "AK Katiyar",
    "gender": "male",
    "category": "SC/ST",
    "aadhar": "123456789099",
    "date_of_birth": "2025-04-20",
    "current_class": 5,
    "section": "A",
    "date_of_admission": "2025-04-20",
    "mobile_number": "01335665865",
    "email_id": "aman@gmail.com",
    "Father_name": "Vinay",
    "Father_mobile_number": "01335665865",
    "Father_aadhar": "234567898765",
    "Mother_name": "Radhika",
    "address": "saf",
    "others": "",
    "passport": ""
  }
},
{
  "model": "students.student",
  "pk": 13,
  "fields": {
    "current_status": "active",
    "registration_number": "2510C001",
    "fullname": "Anu",
    "gender": "female",
    "category": "OBC",
    "aadhar": "963256891452",
    "date_of_birth": "2003-09-14",
    "current_class": 5,
    "section": "C",
    "date_of_admission": "2025-04-23",
    "mobile_number": "9876543136",
    "email_id": "anuktyrrrr@gmail.com",
    "Father_name": "somu",
    "Father_mobile_number": "01335665865",
    "Father_aadhar": "123457890091",
    "Mother_name": "pimki",
    "address": "Kannauj\r\nkannauj",
    "others": "",
    "passport": ""
  }
},
{
  "model": "students.studentdocument",
  "pk": 1,
  "fields": {
    "student": 6,
    "aadhar_card": "",
    "aadhar_card_number": "",
    "parent_photo": "",
    "parent_photo_number": "",
    "parent_id_proof": "",
    "parent_id_proof_number": "",
    "previous_marksheet": "",
    "previous_marksheet_number": "",
    "transfer_certificate": "",
    "transfer_certificate_number": "",
    "character_certificate": "",
    "character_certificate_number": "",
    "caste_certificate": "",
    "caste_certificate_number": "",
    "medical_certificate": "",
    "medical_certificate_number": "",
    "other_document": "",
    "other_document_number": "",
    "date_uploaded": "2025-04-10T11:11:30.123Z",
    "last_updated": "2025-04-10T11:22:31.981Z"
  }
},
{
  "model": "students.studentdocument",
  "pk": 3,
  "fields": {
    "student": 2,
    "aadhar_card": "students/documents/aadhar/Screenshot_7-4-2025_155959_127.0.0.1.jpeg",
    "aadhar_card_number": "123456yu",
    "parent_photo": "",
    "parent_photo_number": "",
    "parent_id_proof": "",
    "parent_id_proof_number": "",
    "previous_marksheet": "",
    "previous_marksheet_number": "",
    "transfer_certificate": "",
    "transfer_certificate_number": "",
    "character_certificate": "",
    "character_certificate_number": "",
    "caste_certificate": "",
    "caste_certificate_number": "",
    "medical_certificate": "",
    "medical_certificate_number": "",
    "other_document": "",
    "other_document_number": "",
    "date_uploaded": "2025-04-11T05:40:25.935Z",
    "last_updated": "2025-04-11T05:41:04.374Z"
  }
},
{
  "model": "students.studentdocument",
  "pk": 4,
  "fields": {
    "student": 7,
    "aadhar_card": "",
    "aadhar_card_number": "",
    "parent_photo": "students/documents/parent_photo/ChatGPT_Image_Apr_23_2025_09_08_53_PM.png",
    "parent_photo_number": "",
    "parent_id_proof": "",
    "parent_id_proof_number": "",
    "previous_marksheet": "",
    "previous_marksheet_number": "",
    "transfer_certificate": "",
    "transfer_certificate_number": "",
    "character_certificate": "",
    "character_certificate_number": "",
    "caste_certificate": "",
    "caste_certificate_number": "",
    "medical_certificate": "",
    "medical_certificate_number": "",
    "other_document": "",
    "other_document_number": "",
    "date_uploaded": "2025-04-11T05:46:35.796Z",
    "last_updated": "2025-04-23T20:04:15.324Z"
  }
},
{
  "model": "students.studentdocument",
  "pk": 5,
  "fields": {
    "student": 9,
    "aadhar_card": "",
    "aadhar_card_number": "",
    "parent_photo": "",
    "parent_photo_number": "",
    "parent_id_proof": "",
    "parent_id_proof_number": "",
    "previous_marksheet": "",
    "previous_marksheet_number": "",
    "transfer_certificate": "",
    "transfer_certificate_number": "",
    "character_certificate": "",
    "character_certificate_number": "",
    "caste_certificate": "",
    "caste_certificate_number": "",
    "medical_certificate": "",
    "medical_certificate_number": "",
    "other_document": "",
    "other_document_number": "",
    "date_uploaded": "2025-04-11T06:13:19.386Z",
    "last_updated": "2025-04-11T06:13:19.386Z"
  }
},
{
  "model": "students.studentdocument",
  "pk": 6,
  "fields": {
    "student": 8,
    "aadhar_card": "",
    "aadhar_card_number": "",
    "parent_photo": "",
    "parent_photo_number": "",
    "parent_id_proof": "",
    "parent_id_proof_number": "",
    "previous_marksheet": "",
    "previous_marksheet_number": "",
    "transfer_certificate": "",
    "transfer_certificate_number": "",
    "character_certificate": "",
    "character_certificate_number": "",
    "caste_certificate": "",
    "caste_certificate_number": "",
    "medical_certificate": "",
    "medical_certificate_number": "",
    "other_document": "",
    "other_document_number": "",
    "date_uploaded": "2025-04-11T07:08:13.532Z",
    "last_updated": "2025-04-11T07:08:18.482Z"
  }
},
{
  "model": "students.studentdocument",
  "pk": 7,
  "fields": {
    "student": 10,
    "aadhar_card": "students/documents/aadhar/college_logo.jpg",
    "aadhar_card_number": "14564545642142",
    "parent_photo": "",
    "parent_photo_number": "",
    "parent_id_proof": "",
    "parent_id_proof_number": "",
    "previous_marksheet": "",
    "previous_marksheet_number": "",
    "transfer_certificate": "",
    "transfer_certificate_number": "",
    "character_certificate": "",
    "character_certificate_number": "",
    "caste_certificate": "",
    "caste_certificate_number": "",
    "medical_certificate": "",
    "medical_certificate_number": "",
    "other_document": "",
    "other_document_number": "",
    "date_uploaded": "2025-04-17T13:57:49.953Z",
    "last_updated": "2025-04-17T13:58:05.481Z"
  }
},
{
  "model": "students.studentdocument",
  "pk": 8,
  "fields": {
    "student": 5,
    "aadhar_card": "",
    "aadhar_card_number": "",
    "parent_photo": "",
    "parent_photo_number": "",
    "parent_id_proof": "",
    "parent_id_proof_number": "",
    "previous_marksheet": "",
    "previous_marksheet_number": "",
    "transfer_certificate": "",
    "transfer_certificate_number": "",
    "character_certificate": "",
    "character_certificate_number": "",
    "caste_certificate": "",
    "caste_certificate_number": "",
    "medical_certificate": "",
    "medical_certificate_number": "",
    "other_document": "",
    "other_document_number": "",
    "date_uploaded": "2025-04-17T14:12:15.990Z",
    "last_updated": "2025-04-17T14:12:15.990Z"
  }
},
{
  "model": "students.studentdocument",
  "pk": 9,
  "fields": {
    "student": 11,
    "aadhar_card": "students/documents/aadhar/Payment_History_AK_Katiyar.pdf",
    "aadhar_card_number": "vbncf",
    "parent_photo": "",
    "parent_photo_number": "",
    "parent_id_proof": "",
    "parent_id_proof_number": "",
    "previous_marksheet": "",
    "previous_marksheet_number": "",
    "transfer_certificate": "",
    "transfer_certificate_number": "",
    "character_certificate": "",
    "character_certificate_number": "",
    "caste_certificate": "",
    "caste_certificate_number": "",
    "medical_certificate": "",
    "medical_certificate_number": "",
    "other_document": "",
    "other_document_number": "",
    "date_uploaded": "2025-04-20T07:53:44.319Z",
    "last_updated": "2025-04-20T07:53:53.894Z"
  }
},
{
  "model": "staffs.staff",
  "pk": 1,
  "fields": {
    "current_status": "active",
    "fullname": "demo latest",
    "gender": "male",
    "date_of_birth": "2025-03-28",
    "date_of_registration": "2025-03-28",
    "mobile_number": "01335665865",
    "aadhar": "123456789099",
    "Subject_specification": "math",
    "address": "Lucknow",
    "others": "",
    "passport": ""
  }
},
{
  "model": "NonTeachingStaffs.nonteachingstaff",
  "pk": 1,
  "fields": {
    "current_status": "active",
    "fullname": "Vikas",
    "gender": "male",
    "job_role": "Driver",
    "date_of_birth": "2025-04-17",
    "date_of_registration": "2025-04-17",
    "mobile_number": "63635654455",
    "address": "LKO",
    "others": ""
  }
},
{
  "model": "attendance.holiday",
  "pk": 1,
  "fields": {
    "date": "2025-04-17",
    "name": "College fest",
    "description": ""
  }
},
{
  "model": "attendance.holiday",
  "pk": 2,
  "fields": {
    "date": "2025-04-14",
    "name": "demo new",
    "description": ""
  }
},
{
  "model": "attendance.holiday",
  "pk": 3,
  "fields": {
    "date": "2025-04-24",
    "name": "sdfs",
    "description": ""
  }
},
{
  "model": "attendance.holiday",
  "pk": 4,
  "fields": {
    "date": "2025-04-23",
    "name": "vbdxf",
    "description": ""
  }
},
{
  "model": "attendance.attendance",
  "pk": 1,
  "fields": {
    "student": 1,
    "status": "Leave",
    "date": "2025-04-15",
    "comment": "",
    "is_holiday": false,
    "holiday_name": ""
  }
},
{
  "model": "attendance.attendance",
  "pk": 2,
  "fields": {
    "student": 2,
    "status": "Present",
    "date": "2025-04-15",
    "comment": "",
    "is_holiday": false,
    "holiday_name": ""
  }
},
{
  "model": "attendance.attendance",
  "pk": 3,
  "fields": {
    "student": 8,
    "status": "Present",
    "date": "2025-04-15",
    "comment": "",
    "is_holiday": false,
    "holiday_name": null
  }
},
{
  "model": "attendance.attendance",
  "pk": 4,
  "fields": {
    "student": 9,
    "status": "Leave",
    "date": "2025-04-15",
    "comment": "",
    "is_holiday": false,
    "holiday_name": null
  }
},
{
  "model": "attendance.attendance",
  "pk": 5,
  "fields": {
    "student": 1,
    "status": "Present",
    "date": "2025-04-12",
    "comment": "",
    "is_holiday": false,
    "holiday_name": ""
  }
},
{
  "model": "attendance.attendance",
  "pk": 6,
  "fields": {
    "student": 2,
    "status": "Absent",
    "date": "2025-04-12",
    "comment": "",
    "is_holiday": false,
    "holiday_name": ""
  }
},
{
  "model": "attendance.attendance",
  "pk": 7,
  "fields": {
    "student": 1,
    "status": "Present",
    "date": "2025-04-17",
    "comment": "College fest",
    "is_holiday": false,
    "holiday_name": ""
  }
},
{
  "model": "attendance.attendance",
  "pk": 8,
  "fields": {
    "student": 2,
    "status": "Present",
    "date": "2025-04-17",
    "comment": "College fest",
    "is_holiday": false,
    "holiday_name": ""
  }
},
{
  "model": "attendance.attendance",
  "pk": 9,
  "fields": {
    "student": 1,
    "status": "Present",
    "date": "2025-04-18",
    "comment": "",
    "is_holiday": false,
    "holiday_name": ""
  }
},
{
  "model": "attendance.attendance",
  "pk": 10,
  "fields": {
    "student": 2,
    "status": "Present",
    "date": "2025-04-18",
    "comment": "",
    "is_holiday": false,
    "holiday_name": ""
  }
},
{
  "model": "attendance.attendance",
  "pk": 11,
  "fields": {
    "student": 10,
    "status": "Present",
    "date": "2025-04-18",
    "comment": "",
    "is_holiday": false,
    "holiday_name": ""
  }
},
{
  "model": "attendance.attendance",
  "pk": 13,
  "fields": {
    "student": 5,
    "status": "Sunday",
    "date": "2025-04-20",
    "comment": "Weekend",
    "is_holiday": true,
    "holiday_name": "Sunday"
  }
},
{
  "model": "attendance.attendance",
  "pk": 14,
  "fields": {
    "student": 11,
    "status": "Present",
    "date": "2025-04-26",
    "comment": "",
    "is_holiday": false,
    "holiday_name": ""
  }
},
{
  "model": "attendance.attendance",
  "pk": 15,
  "fields": {
    "student": 1,
    "status": "Present",
    "date": "2025-04-26",
    "comment": "",
    "is_holiday": false,
    "holiday_name": ""
  }
},
{
  "model": "attendance.attendance",
  "pk": 16,
  "fields": {
    "student": 2,
    "status": "Present",
    "date": "2025-04-26",
    "comment": "",
    "is_holiday": false,
    "holiday_name": ""
  }
},
{
  "model": "attendance.attendance",
  "pk": 17,
  "fields": {
    "student": 11,
    "status": "Present",
    "date": "2025-04-25",
    "comment": "",
    "is_holiday": false,
    "holiday_name": ""
  }
},
{
  "model": "attendance.attendance",
  "pk": 18,
  "fields": {
    "student": 1,
    "status": "Leave",
    "date": "2025-04-25",
    "comment": "",
    "is_holiday": false,
    "holiday_name": ""
  }
},
{
  "model": "attendance.attendance",
  "pk": 19,
  "fields": {
    "student": 2,
    "status": "Leave",
    "date": "2025-04-25",
    "comment": "",
    "is_holiday": false,
    "holiday_name": ""
  }
},
{
  "model": "fees.pendingfee",
  "pk": 2,
  "fields": {
    "student": 2,
    "fee_type": "fee",
    "amount": "4000.00",
    "due_date": "2025-04-17",
    "late_fee": "10.00",
    "discount": "3.00",
    "created_at": "2025-04-11T09:17:15.488Z",
    "updated_at": "2025-04-17T14:05:02.053Z",
    "paid": true
  }
},
{
  "model": "fees.pendingfee",
  "pk": 3,
  "fields": {
    "student": 8,
    "fee_type": "exam",
    "amount": "1231.00",
    "due_date": "2025-04-30",
    "late_fee": "0.00",
    "discount": "0.00",
    "created_at": "2025-04-11T09:18:33.780Z",
    "updated_at": "2025-04-11T09:19:30.686Z",
    "paid": true
  }
},
{
  "model": "fees.pendingfee",
  "pk": 4,
  "fields": {
    "student": 8,
    "fee_type": "fee",
    "amount": "100.00",
    "due_date": "2025-04-30",
    "late_fee": "11.00",
    "discount": "1.00",
    "created_at": "2025-04-11T09:18:33.786Z",
    "updated_at": "2025-04-11T09:18:33.786Z",
    "paid": false
  }
},
{
  "model": "fees.pendingfee",
  "pk": 5,
  "fields": {
    "student": 9,
    "fee_type": "exam",
    "amount": "1231.00",
    "due_date": "2025-04-30",
    "late_fee": "0.00",
    "discount": "0.00",
    "created_at": "2025-04-11T09:18:33.791Z",
    "updated_at": "2025-04-11T12:09:01.095Z",
    "paid": true
  }
},
{
  "model": "fees.pendingfee",
  "pk": 6,
  "fields": {
    "student": 9,
    "fee_type": "fee",
    "amount": "100.00",
    "due_date": "2025-04-30",
    "late_fee": "11.00",
    "discount": "1.00",
    "created_at": "2025-04-11T09:18:33.794Z",
    "updated_at": "2025-04-11T09:18:33.794Z",
    "paid": false
  }
},
{
  "model": "fees.pendingfee",
  "pk": 7,
  "fields": {
    "student": 7,
    "fee_type": "fee",
    "amount": "4000.00",
    "due_date": "2025-04-16",
    "late_fee": "10.00",
    "discount": "-1.00",
    "created_at": "2025-04-15T11:26:14.811Z",
    "updated_at": "2025-04-15T11:26:14.811Z",
    "paid": false
  }
},
{
  "model": "fees.pendingfee",
  "pk": 8,
  "fields": {
    "student": 6,
    "fee_type": "fee",
    "amount": "4000.00",
    "due_date": "2025-04-16",
    "late_fee": "10.00",
    "discount": "-1.00",
    "created_at": "2025-04-15T11:26:14.822Z",
    "updated_at": "2025-04-15T11:26:14.822Z",
    "paid": false
  }
},
{
  "model": "fees.pendingfee",
  "pk": 9,
  "fields": {
    "student": 10,
    "fee_type": "fee",
    "amount": "50000.00",
    "due_date": "2025-04-29",
    "late_fee": "10.00",
    "discount": "10.00",
    "created_at": "2025-04-18T05:01:12.543Z",
    "updated_at": "2025-04-18T05:01:12.543Z",
    "paid": false
  }
},
{
  "model": "fees.pendingfee",
  "pk": 10,
  "fields": {
    "student": 10,
    "fee_type": "exam",
    "amount": "1000.00",
    "due_date": "2025-04-29",
    "late_fee": "0.00",
    "discount": "0.00",
    "created_at": "2025-04-18T05:01:12.556Z",
    "updated_at": "2025-04-18T05:01:12.556Z",
    "paid": false
  }
},
{
  "model": "fees.pendingfee",
  "pk": 15,
  "fields": {
    "student": 11,
    "fee_type": "fee",
    "amount": "4000.00",
    "due_date": "2025-04-24",
    "late_fee": "10.00",
    "discount": "3.00",
    "created_at": "2025-04-23T20:10:01.940Z",
    "updated_at": "2025-04-23T20:10:01.940Z",
    "paid": false
  }
},
{
  "model": "fees.pendingfee",
  "pk": 16,
  "fields": {
    "student": 11,
    "fee_type": "exam",
    "amount": "654.00",
    "due_date": "2025-04-24",
    "late_fee": "5.00",
    "discount": "0.00",
    "created_at": "2025-04-23T20:10:01.950Z",
    "updated_at": "2025-04-23T20:10:01.950Z",
    "paid": false
  }
},
{
  "model": "fees.pendingfee",
  "pk": 17,
  "fields": {
    "student": 11,
    "fee_type": "bus",
    "amount": "4000.00",
    "due_date": "2025-04-24",
    "late_fee": "0.00",
    "discount": "0.00",
    "created_at": "2025-04-23T20:10:01.960Z",
    "updated_at": "2025-04-23T20:10:01.961Z",
    "paid": false
  }
},
{
  "model": "fees.pendingfee",
  "pk": 18,
  "fields": {
    "student": 1,
    "fee_type": "fee",
    "amount": "4000.00",
    "due_date": "2025-04-24",
    "late_fee": "10.00",
    "discount": "3.00",
    "created_at": "2025-04-23T20:10:01.982Z",
    "updated_at": "2025-04-23T20:10:01.982Z",
    "paid": false
  }
},
{
  "model": "fees.pendingfee",
  "pk": 19,
  "fields": {
    "student": 1,
    "fee_type": "exam",
    "amount": "654.00",
    "due_date": "2025-04-24",
    "late_fee": "5.00",
    "discount": "0.00",
    "created_at": "2025-04-23T20:10:01.992Z",
    "updated_at": "2025-04-23T20:10:01.992Z",
    "paid": false
  }
},
{
  "model": "fees.pendingfee",
  "pk": 20,
  "fields": {
    "student": 1,
    "fee_type": "bus",
    "amount": "4000.00",
    "due_date": "2025-04-24",
    "late_fee": "0.00",
    "discount": "0.00",
    "created_at": "2025-04-23T20:10:02.003Z",
    "updated_at": "2025-04-23T20:10:02.003Z",
    "paid": false
  }
},
{
  "model": "fees.pendingfee",
  "pk": 21,
  "fields": {
    "student": 2,
    "fee_type": "fee",
    "amount": "4000.00",
    "due_date": "2025-04-24",
    "late_fee": "10.00",
    "discount": "3.00",
    "created_at": "2025-04-23T20:10:02.023Z",
    "updated_at": "2025-04-23T20:10:02.023Z",
    "paid": false
  }
},
{
  "model": "fees.pendingfee",
  "pk": 22,
  "fields": {
    "student": 2,
    "fee_type": "exam",
    "amount": "654.00",
    "due_date": "2025-04-24",
    "late_fee": "5.00",
    "discount": "0.00",
    "created_at": "2025-04-23T20:10:02.033Z",
    "updated_at": "2025-04-23T20:10:02.033Z",
    "paid": false
  }
},
{
  "model": "fees.pendingfee",
  "pk": 23,
  "fields": {
    "student": 2,
    "fee_type": "bus",
    "amount": "4000.00",
    "due_date": "2025-04-24",
    "late_fee": "0.00",
    "discount": "0.00",
    "created_at": "2025-04-23T20:10:02.044Z",
    "updated_at": "2025-04-23T20:10:02.044Z",
    "paid": false
  }
},
{
  "model": "fees.feepayment",
  "pk": 1,
  "fields": {
    "student": 1,
    "amount": "12.00",
    "payment_method": "Cash",
    "transaction_id": null,
    "date": "2025-04-08T06:48:08.081Z",
    "status": "Paid",
    "fee_category": "Regular"
  }
},
{
  "model": "fees.feepayment",
  "pk": 2,
  "fields": {
    "student": 1,
    "amount": "5000.00",
    "payment_method": "Cash",
    "transaction_id": null,
    "date": "2025-04-08T18:16:55.469Z",
    "status": "Paid",
    "fee_category": "Regular"
  }
},
{
  "model": "fees.feepayment",
  "pk": 3,
  "fields": {
    "student": 1,
    "amount": "10.00",
    "payment_method": "Cash",
    "transaction_id": null,
    "date": "2025-04-08T18:17:43.448Z",
    "status": "Paid",
    "fee_category": "Regular"
  }
},
{
  "model": "fees.feepayment",
  "pk": 5,
  "fields": {
    "student": 9,
    "amount": "1330.00",
    "payment_method": "Cash",
    "transaction_id": null,
    "date": "2025-04-11T12:09:01.081Z",
    "status": "Paid",
    "fee_category": "Regular"
  }
},
{
  "model": "fees.feepayment",
  "pk": 6,
  "fields": {
    "student": 9,
    "amount": "1.00",
    "payment_method": "Cash",
    "transaction_id": null,
    "date": "2025-04-11T12:09:25.071Z",
    "status": "Paid",
    "fee_category": "Regular"
  }
},
{
  "model": "fees.feepayment",
  "pk": 7,
  "fields": {
    "student": 9,
    "amount": "0.97",
    "payment_method": "Cash",
    "transaction_id": "",
    "date": "2025-04-11T12:25:03.952Z",
    "status": "Paid",
    "fee_category": "Regular"
  }
},
{
  "model": "fees.feepayment",
  "pk": 8,
  "fields": {
    "student": 9,
    "amount": "9.00",
    "payment_method": "Cash",
    "transaction_id": "",
    "date": "2025-04-15T05:08:16.043Z",
    "status": "Paid",
    "fee_category": "Regular"
  }
},
{
  "model": "fees.feepayment",
  "pk": 9,
  "fields": {
    "student": 1,
    "amount": "3.00",
    "payment_method": "Cash",
    "transaction_id": "",
    "date": "2025-04-15T05:49:41.369Z",
    "status": "Paid",
    "fee_category": "Transport"
  }
},
{
  "model": "fees.feepayment",
  "pk": 10,
  "fields": {
    "student": 7,
    "amount": "40.00",
    "payment_method": "Cash",
    "transaction_id": "",
    "date": "2025-04-15T11:26:38.068Z",
    "status": "Paid",
    "fee_category": "Regular"
  }
},
{
  "model": "fees.feepayment",
  "pk": 11,
  "fields": {
    "student": 2,
    "amount": "3880.00",
    "payment_method": "Cash",
    "transaction_id": "",
    "date": "2025-04-17T14:05:02.040Z",
    "status": "Paid",
    "fee_category": "Regular"
  }
},
{
  "model": "exams.examtype",
  "pk": 1,
  "fields": {
    "name": "Mid sem",
    "description": ""
  }
},
{
  "model": "exams.examtype",
  "pk": 2,
  "fields": {
    "name": "demo",
    "description": "Just for testing"
  }
},
{
  "model": "exams.exam",
  "pk": 1,
  "fields": {
    "name": "mis sem",
    "exam_type": 1,
    "session": 2,
    "term": 1,
    "start_date": "2025-04-18",
    "end_date": "2025-04-23",
    "status": "pending",
    "description": "",
    "created_at": "2025-04-17T12:07:10.633Z",
    "updated_at": "2025-04-17T12:07:10.633Z"
  }
},
{
  "model": "exams.exam",
  "pk": 2,
  "fields": {
    "name": "Unit Test",
    "exam_type": 1,
    "session": 2,
    "term": 1,
    "start_date": "2025-04-19",
    "end_date": "2025-04-22",
    "status": "ongoing",
    "description": "",
    "created_at": "2025-04-18T10:05:40.547Z",
    "updated_at": "2025-04-18T10:05:40.547Z"
  }
},
{
  "model": "exams.examschedule",
  "pk": 1,
  "fields": {
    "exam": 1,
    "subject": 2,
    "student_class": 6,
    "section": "A",
    "date": "2025-04-18",
    "start_time": "20:38:00",
    "end_time": "17:40:00",
    "duration_minutes": 1262,
    "venue": null,
    "created_at": "2025-04-17T12:08:52.432Z",
    "updated_at": "2025-04-17T12:08:52.432Z"
  }
},
{
  "model": "exams.examschedule",
  "pk": 2,
  "fields": {
    "exam": 1,
    "subject": 1,
    "student_class": 5,
    "section": "A",
    "date": "2025-04-18",
    "start_time": "19:49:00",
    "end_time": "23:49:00",
    "duration_minutes": 240,
    "venue": null,
    "created_at": "2025-04-17T12:19:34.598Z",
    "updated_at": "2025-04-17T12:19:34.598Z"
  }
},
{
  "model": "exams.examschedule",
  "pk": 3,
  "fields": {
    "exam": 1,
    "subject": 1,
    "student_class": 5,
    "section": "A",
    "date": "2025-04-19",
    "start_time": "20:39:00",
    "end_time": "16:39:00",
    "duration_minutes": 1200,
    "venue": null,
    "created_at": "2025-04-18T10:09:45.806Z",
    "updated_at": "2025-04-18T10:09:45.806Z"
  }
},
{
  "model": "exams.examschedule",
  "pk": 4,
  "fields": {
    "exam": 2,
    "subject": 4,
    "student_class": 7,
    "section": "A",
    "date": "2025-04-22",
    "start_time": "21:43:00",
    "end_time": "14:44:00",
    "duration_minutes": 1021,
    "venue": null,
    "created_at": "2025-04-18T10:14:23.956Z",
    "updated_at": "2025-04-18T10:14:23.956Z"
  }
},
{
  "model": "exams.admitcard",
  "pk": 1,
  "fields": {
    "exam": 1,
    "student": 1,
    "roll_number": "1225101589",
    "generated_on": "2025-04-17T12:09:42.054Z",
    "is_printed": true,
    "printed_on": "2025-04-17T12:09:50.015Z"
  }
},
{
  "model": "exams.admitcard",
  "pk": 2,
  "fields": {
    "exam": 1,
    "student": 2,
    "roll_number": "1225108754",
    "generated_on": "2025-04-17T12:09:42.068Z",
    "is_printed": true,
    "printed_on": "2025-04-17T12:20:35.941Z"
  }
},
{
  "model": "exams.admitcard",
  "pk": 3,
  "fields": {
    "exam": 1,
    "student": 8,
    "roll_number": "EX1-2511A001",
    "generated_on": "2025-04-18T12:10:38.881Z",
    "is_printed": true,
    "printed_on": "2025-04-18T12:14:26.522Z"
  }
},
{
  "model": "exams.admitcard",
  "pk": 4,
  "fields": {
    "exam": 1,
    "student": 9,
    "roll_number": "EX1-2511A002",
    "generated_on": "2025-04-18T12:10:38.893Z",
    "is_printed": true,
    "printed_on": "2025-04-18T12:22:10.011Z"
  }
},
{
  "model": "exams.admitcard",
  "pk": 5,
  "fields": {
    "exam": 2,
    "student": 10,
    "roll_number": "12259A001",
    "generated_on": "2025-04-18T12:20:49.316Z",
    "is_printed": true,
    "printed_on": "2025-04-18T12:22:10.011Z"
  }
}
]
