[
{
  "model": "attendance.holiday",
  "pk": 1,
  "fields": {
    "date": "2025-04-17",
    "name": "College fest",
    "description": ""
  }
},
{
  "model": "attendance.holiday",
  "pk": 2,
  "fields": {
    "date": "2025-04-14",
    "name": "demo new",
    "description": ""
  }
},
{
  "model": "attendance.holiday",
  "pk": 3,
  "fields": {
    "date": "2025-04-24",
    "name": "sdfs",
    "description": ""
  }
},
{
  "model": "attendance.holiday",
  "pk": 4,
  "fields": {
    "date": "2025-04-23",
    "name": "vbdxf",
    "description": ""
  }
},
{
  "model": "attendance.attendance",
  "pk": 1,
  "fields": {
    "student": 1,
    "status": "Leave",
    "date": "2025-04-15",
    "comment": "",
    "is_holiday": false,
    "holiday_name": ""
  }
},
{
  "model": "attendance.attendance",
  "pk": 2,
  "fields": {
    "student": 2,
    "status": "Present",
    "date": "2025-04-15",
    "comment": "",
    "is_holiday": false,
    "holiday_name": ""
  }
},
{
  "model": "attendance.attendance",
  "pk": 3,
  "fields": {
    "student": 8,
    "status": "Present",
    "date": "2025-04-15",
    "comment": "",
    "is_holiday": false,
    "holiday_name": null
  }
},
{
  "model": "attendance.attendance",
  "pk": 4,
  "fields": {
    "student": 9,
    "status": "Leave",
    "date": "2025-04-15",
    "comment": "",
    "is_holiday": false,
    "holiday_name": null
  }
},
{
  "model": "attendance.attendance",
  "pk": 5,
  "fields": {
    "student": 1,
    "status": "Present",
    "date": "2025-04-12",
    "comment": "",
    "is_holiday": false,
    "holiday_name": ""
  }
},
{
  "model": "attendance.attendance",
  "pk": 6,
  "fields": {
    "student": 2,
    "status": "Absent",
    "date": "2025-04-12",
    "comment": "",
    "is_holiday": false,
    "holiday_name": ""
  }
},
{
  "model": "attendance.attendance",
  "pk": 7,
  "fields": {
    "student": 1,
    "status": "Present",
    "date": "2025-04-17",
    "comment": "College fest",
    "is_holiday": false,
    "holiday_name": ""
  }
},
{
  "model": "attendance.attendance",
  "pk": 8,
  "fields": {
    "student": 2,
    "status": "Present",
    "date": "2025-04-17",
    "comment": "College fest",
    "is_holiday": false,
    "holiday_name": ""
  }
},
{
  "model": "attendance.attendance",
  "pk": 9,
  "fields": {
    "student": 1,
    "status": "Present",
    "date": "2025-04-18",
    "comment": "",
    "is_holiday": false,
    "holiday_name": ""
  }
},
{
  "model": "attendance.attendance",
  "pk": 10,
  "fields": {
    "student": 2,
    "status": "Present",
    "date": "2025-04-18",
    "comment": "",
    "is_holiday": false,
    "holiday_name": ""
  }
},
{
  "model": "attendance.attendance",
  "pk": 11,
  "fields": {
    "student": 10,
    "status": "Present",
    "date": "2025-04-18",
    "comment": "",
    "is_holiday": false,
    "holiday_name": ""
  }
},
{
  "model": "attendance.attendance",
  "pk": 12,
  "fields": {
    "student": 3,
    "status": "Sunday",
    "date": "2025-04-20",
    "comment": "Weekend",
    "is_holiday": true,
    "holiday_name": "Sunday"
  }
},
{
  "model": "attendance.attendance",
  "pk": 13,
  "fields": {
    "student": 5,
    "status": "Sunday",
    "date": "2025-04-20",
    "comment": "Weekend",
    "is_holiday": true,
    "holiday_name": "Sunday"
  }
}
]
