[
{
  "model": "corecode.studentclass",
  "pk": 3,
  "fields": {
    "name": "8"
  }
},
{
  "model": "corecode.studentclass",
  "pk": 4,
  "fields": {
    "name": "9"
  }
},
{
  "model": "corecode.studentclass",
  "pk": 5,
  "fields": {
    "name": "10"
  }
},
{
  "model": "corecode.studentclass",
  "pk": 6,
  "fields": {
    "name": "11"
  }
},
{
  "model": "corecode.studentclass",
  "pk": 7,
  "fields": {
    "name": "12"
  }
},
{
  "model": "corecode.studentclass",
  "pk": 8,
  "fields": {
    "name": "7"
  }
},
{
  "model": "corecode.section",
  "pk": 1,
  "fields": {
    "name": "A",
    "student_class": 7,
    "description": "",
    "is_active": true,
    "created_at": "2025-04-21T07:35:08.365Z",
    "updated_at": "2025-04-21T07:35:08.365Z"
  }
},
{
  "model": "corecode.section",
  "pk": 2,
  "fields": {
    "name": "C",
    "student_class": 5,
    "description": "",
    "is_active": true,
    "created_at": "2025-04-21T07:36:30.651Z",
    "updated_at": "2025-04-21T07:36:30.651Z"
  }
},
{
  "model": "corecode.subject",
  "pk": 1,
  "fields": {
    "name": "Mathematics",
    "description": null,
    "code": null,
    "department": null,
    "is_active": true,
    "created_at": "2025-04-21T05:43:05.887Z",
    "updated_at": "2025-04-21T05:43:05.924Z"
  }
},
{
  "model": "corecode.subject",
  "pk": 2,
  "fields": {
    "name": "English",
    "description": null,
    "code": null,
    "department": null,
    "is_active": true,
    "created_at": "2025-04-21T05:43:05.887Z",
    "updated_at": "2025-04-21T05:43:05.924Z"
  }
},
{
  "model": "corecode.subject",
  "pk": 3,
  "fields": {
    "name": "Hindi",
    "description": null,
    "code": null,
    "department": null,
    "is_active": true,
    "created_at": "2025-04-21T05:43:05.887Z",
    "updated_at": "2025-04-21T05:43:05.924Z"
  }
},
{
  "model": "corecode.subject",
  "pk": 4,
  "fields": {
    "name": "BIO",
    "description": "",
    "code": "",
    "department": "Arts",
    "is_active": true,
    "created_at": "2025-04-21T05:43:05.887Z",
    "updated_at": "2025-04-21T06:19:54.887Z"
  }
},
{
  "model": "corecode.subject",
  "pk": 5,
  "fields": {
    "name": "Business  study",
    "description": null,
    "code": null,
    "department": null,
    "is_active": true,
    "created_at": "2025-04-23T20:07:04.953Z",
    "updated_at": "2025-04-23T20:07:04.954Z"
  }
},
{
  "model": "corecode.classsubject",
  "pk": 1,
  "fields": {
    "subject": 4,
    "student_class": 5,
    "section": "",
    "teacher": null,
    "is_active": true,
    "created_at": "2025-04-21T06:36:19.275Z",
    "updated_at": "2025-04-21T06:36:19.275Z"
  }
},
{
  "model": "corecode.classsubject",
  "pk": 2,
  "fields": {
    "subject": 2,
    "student_class": 6,
    "section": "",
    "teacher": null,
    "is_active": true,
    "created_at": "2025-04-21T06:38:53.533Z",
    "updated_at": "2025-04-21T06:38:53.533Z"
  }
},
{
  "model": "corecode.classsubject",
  "pk": 3,
  "fields": {
    "subject": 2,
    "student_class": 4,
    "section": "",
    "teacher": null,
    "is_active": true,
    "created_at": "2025-04-21T06:38:53.537Z",
    "updated_at": "2025-04-21T06:38:53.537Z"
  }
},
{
  "model": "corecode.classsubject",
  "pk": 4,
  "fields": {
    "subject": 2,
    "student_class": 5,
    "section": "",
    "teacher": null,
    "is_active": true,
    "created_at": "2025-04-21T06:38:53.570Z",
    "updated_at": "2025-04-21T06:38:53.570Z"
  }
},
{
  "model": "corecode.classsubject",
  "pk": 5,
  "fields": {
    "subject": 2,
    "student_class": 7,
    "section": "",
    "teacher": null,
    "is_active": true,
    "created_at": "2025-04-21T06:38:53.615Z",
    "updated_at": "2025-04-21T06:38:53.615Z"
  }
},
{
  "model": "corecode.classsubject",
  "pk": 6,
  "fields": {
    "subject": 2,
    "student_class": 8,
    "section": "",
    "teacher": null,
    "is_active": true,
    "created_at": "2025-04-21T06:38:53.659Z",
    "updated_at": "2025-04-21T06:38:53.661Z"
  }
},
{
  "model": "corecode.classsubject",
  "pk": 7,
  "fields": {
    "subject": 2,
    "student_class": 3,
    "section": "",
    "teacher": null,
    "is_active": true,
    "created_at": "2025-04-21T06:38:53.684Z",
    "updated_at": "2025-04-21T06:38:53.684Z"
  }
}
]
