[
{
  "model": "fees.pendingfee",
  "pk": 2,
  "fields": {
    "student": 2,
    "fee_type": "fee",
    "amount": "4000.00",
    "due_date": "2025-04-17",
    "late_fee": "10.00",
    "discount": "3.00",
    "created_at": "2025-04-11T09:17:15.488Z",
    "updated_at": "2025-04-17T14:05:02.053Z",
    "paid": true
  }
},
{
  "model": "fees.pendingfee",
  "pk": 3,
  "fields": {
    "student": 8,
    "fee_type": "exam",
    "amount": "1231.00",
    "due_date": "2025-04-30",
    "late_fee": "0.00",
    "discount": "0.00",
    "created_at": "2025-04-11T09:18:33.780Z",
    "updated_at": "2025-04-11T09:19:30.686Z",
    "paid": true
  }
},
{
  "model": "fees.pendingfee",
  "pk": 4,
  "fields": {
    "student": 8,
    "fee_type": "fee",
    "amount": "100.00",
    "due_date": "2025-04-30",
    "late_fee": "11.00",
    "discount": "1.00",
    "created_at": "2025-04-11T09:18:33.786Z",
    "updated_at": "2025-04-11T09:18:33.786Z",
    "paid": false
  }
},
{
  "model": "fees.pendingfee",
  "pk": 5,
  "fields": {
    "student": 9,
    "fee_type": "exam",
    "amount": "1231.00",
    "due_date": "2025-04-30",
    "late_fee": "0.00",
    "discount": "0.00",
    "created_at": "2025-04-11T09:18:33.791Z",
    "updated_at": "2025-04-11T12:09:01.095Z",
    "paid": true
  }
},
{
  "model": "fees.pendingfee",
  "pk": 6,
  "fields": {
    "student": 9,
    "fee_type": "fee",
    "amount": "100.00",
    "due_date": "2025-04-30",
    "late_fee": "11.00",
    "discount": "1.00",
    "created_at": "2025-04-11T09:18:33.794Z",
    "updated_at": "2025-04-11T09:18:33.794Z",
    "paid": false
  }
},
{
  "model": "fees.pendingfee",
  "pk": 7,
  "fields": {
    "student": 7,
    "fee_type": "fee",
    "amount": "4000.00",
    "due_date": "2025-04-16",
    "late_fee": "10.00",
    "discount": "-1.00",
    "created_at": "2025-04-15T11:26:14.811Z",
    "updated_at": "2025-04-15T11:26:14.811Z",
    "paid": false
  }
},
{
  "model": "fees.pendingfee",
  "pk": 8,
  "fields": {
    "student": 6,
    "fee_type": "fee",
    "amount": "4000.00",
    "due_date": "2025-04-16",
    "late_fee": "10.00",
    "discount": "-1.00",
    "created_at": "2025-04-15T11:26:14.822Z",
    "updated_at": "2025-04-15T11:26:14.822Z",
    "paid": false
  }
},
{
  "model": "fees.pendingfee",
  "pk": 9,
  "fields": {
    "student": 10,
    "fee_type": "fee",
    "amount": "50000.00",
    "due_date": "2025-04-29",
    "late_fee": "10.00",
    "discount": "10.00",
    "created_at": "2025-04-18T05:01:12.543Z",
    "updated_at": "2025-04-18T05:01:12.543Z",
    "paid": false
  }
},
{
  "model": "fees.pendingfee",
  "pk": 10,
  "fields": {
    "student": 10,
    "fee_type": "exam",
    "amount": "1000.00",
    "due_date": "2025-04-29",
    "late_fee": "0.00",
    "discount": "0.00",
    "created_at": "2025-04-18T05:01:12.556Z",
    "updated_at": "2025-04-18T05:01:12.556Z",
    "paid": false
  }
},
{
  "model": "fees.pendingfee",
  "pk": 15,
  "fields": {
    "student": 11,
    "fee_type": "fee",
    "amount": "4000.00",
    "due_date": "2025-04-24",
    "late_fee": "10.00",
    "discount": "3.00",
    "created_at": "2025-04-23T20:10:01.940Z",
    "updated_at": "2025-04-23T20:10:01.940Z",
    "paid": false
  }
},
{
  "model": "fees.pendingfee",
  "pk": 16,
  "fields": {
    "student": 11,
    "fee_type": "exam",
    "amount": "654.00",
    "due_date": "2025-04-24",
    "late_fee": "5.00",
    "discount": "0.00",
    "created_at": "2025-04-23T20:10:01.950Z",
    "updated_at": "2025-04-23T20:10:01.950Z",
    "paid": false
  }
},
{
  "model": "fees.pendingfee",
  "pk": 17,
  "fields": {
    "student": 11,
    "fee_type": "bus",
    "amount": "4000.00",
    "due_date": "2025-04-24",
    "late_fee": "0.00",
    "discount": "0.00",
    "created_at": "2025-04-23T20:10:01.960Z",
    "updated_at": "2025-04-23T20:10:01.961Z",
    "paid": false
  }
},
{
  "model": "fees.pendingfee",
  "pk": 18,
  "fields": {
    "student": 1,
    "fee_type": "fee",
    "amount": "4000.00",
    "due_date": "2025-04-24",
    "late_fee": "10.00",
    "discount": "3.00",
    "created_at": "2025-04-23T20:10:01.982Z",
    "updated_at": "2025-04-23T20:10:01.982Z",
    "paid": false
  }
},
{
  "model": "fees.pendingfee",
  "pk": 19,
  "fields": {
    "student": 1,
    "fee_type": "exam",
    "amount": "654.00",
    "due_date": "2025-04-24",
    "late_fee": "5.00",
    "discount": "0.00",
    "created_at": "2025-04-23T20:10:01.992Z",
    "updated_at": "2025-04-23T20:10:01.992Z",
    "paid": false
  }
},
{
  "model": "fees.pendingfee",
  "pk": 20,
  "fields": {
    "student": 1,
    "fee_type": "bus",
    "amount": "4000.00",
    "due_date": "2025-04-24",
    "late_fee": "0.00",
    "discount": "0.00",
    "created_at": "2025-04-23T20:10:02.003Z",
    "updated_at": "2025-04-23T20:10:02.003Z",
    "paid": false
  }
},
{
  "model": "fees.pendingfee",
  "pk": 21,
  "fields": {
    "student": 2,
    "fee_type": "fee",
    "amount": "4000.00",
    "due_date": "2025-04-24",
    "late_fee": "10.00",
    "discount": "3.00",
    "created_at": "2025-04-23T20:10:02.023Z",
    "updated_at": "2025-04-23T20:10:02.023Z",
    "paid": false
  }
},
{
  "model": "fees.pendingfee",
  "pk": 22,
  "fields": {
    "student": 2,
    "fee_type": "exam",
    "amount": "654.00",
    "due_date": "2025-04-24",
    "late_fee": "5.00",
    "discount": "0.00",
    "created_at": "2025-04-23T20:10:02.033Z",
    "updated_at": "2025-04-23T20:10:02.033Z",
    "paid": false
  }
},
{
  "model": "fees.pendingfee",
  "pk": 23,
  "fields": {
    "student": 2,
    "fee_type": "bus",
    "amount": "4000.00",
    "due_date": "2025-04-24",
    "late_fee": "0.00",
    "discount": "0.00",
    "created_at": "2025-04-23T20:10:02.044Z",
    "updated_at": "2025-04-23T20:10:02.044Z",
    "paid": false
  }
},
{
  "model": "fees.feepayment",
  "pk": 1,
  "fields": {
    "student": 1,
    "amount": "12.00",
    "payment_method": "Cash",
    "transaction_id": null,
    "date": "2025-04-08T06:48:08.081Z",
    "status": "Paid",
    "fee_category": "Regular"
  }
},
{
  "model": "fees.feepayment",
  "pk": 2,
  "fields": {
    "student": 1,
    "amount": "5000.00",
    "payment_method": "Cash",
    "transaction_id": null,
    "date": "2025-04-08T18:16:55.469Z",
    "status": "Paid",
    "fee_category": "Regular"
  }
},
{
  "model": "fees.feepayment",
  "pk": 3,
  "fields": {
    "student": 1,
    "amount": "10.00",
    "payment_method": "Cash",
    "transaction_id": null,
    "date": "2025-04-08T18:17:43.448Z",
    "status": "Paid",
    "fee_category": "Regular"
  }
},
{
  "model": "fees.feepayment",
  "pk": 4,
  "fields": {
    "student": 8,
    "amount": "1330.00",
    "payment_method": "Cash",
    "transaction_id": null,
    "date": "2025-04-11T09:19:30.679Z",
    "status": "Paid",
    "fee_category": "Regular"
  }
},
{
  "model": "fees.feepayment",
  "pk": 5,
  "fields": {
    "student": 9,
    "amount": "1330.00",
    "payment_method": "Cash",
    "transaction_id": null,
    "date": "2025-04-11T12:09:01.081Z",
    "status": "Paid",
    "fee_category": "Regular"
  }
},
{
  "model": "fees.feepayment",
  "pk": 6,
  "fields": {
    "student": 9,
    "amount": "1.00",
    "payment_method": "Cash",
    "transaction_id": null,
    "date": "2025-04-11T12:09:25.071Z",
    "status": "Paid",
    "fee_category": "Regular"
  }
},
{
  "model": "fees.feepayment",
  "pk": 7,
  "fields": {
    "student": 9,
    "amount": "0.97",
    "payment_method": "Cash",
    "transaction_id": "",
    "date": "2025-04-11T12:25:03.952Z",
    "status": "Paid",
    "fee_category": "Regular"
  }
},
{
  "model": "fees.feepayment",
  "pk": 8,
  "fields": {
    "student": 9,
    "amount": "9.00",
    "payment_method": "Cash",
    "transaction_id": "",
    "date": "2025-04-15T05:08:16.043Z",
    "status": "Paid",
    "fee_category": "Regular"
  }
},
{
  "model": "fees.feepayment",
  "pk": 9,
  "fields": {
    "student": 1,
    "amount": "3.00",
    "payment_method": "Cash",
    "transaction_id": "",
    "date": "2025-04-15T05:49:41.369Z",
    "status": "Paid",
    "fee_category": "Transport"
  }
},
{
  "model": "fees.feepayment",
  "pk": 10,
  "fields": {
    "student": 7,
    "amount": "40.00",
    "payment_method": "Cash",
    "transaction_id": "",
    "date": "2025-04-15T11:26:38.068Z",
    "status": "Paid",
    "fee_category": "Regular"
  }
},
{
  "model": "fees.feepayment",
  "pk": 11,
  "fields": {
    "student": 2,
    "amount": "3880.00",
    "payment_method": "Cash",
    "transaction_id": "",
    "date": "2025-04-17T14:05:02.040Z",
    "status": "Paid",
    "fee_category": "Regular"
  }
},
{
  "model": "fees.feepayment",
  "pk": 12,
  "fields": {
    "student": 8,
    "amount": "9.00",
    "payment_method": "Cash",
    "transaction_id": "",
    "date": "2025-04-20T07:41:38.623Z",
    "status": "Paid",
    "fee_category": "Regular"
  }
}
]
