[
{
  "model": "exams.examtype",
  "pk": 1,
  "fields": {
    "name": "Mid sem",
    "description": ""
  }
},
{
  "model": "exams.examtype",
  "pk": 2,
  "fields": {
    "name": "demo",
    "description": "Just for testing"
  }
},
{
  "model": "exams.exam",
  "pk": 1,
  "fields": {
    "name": "mis sem",
    "exam_type": 1,
    "session": 2,
    "term": 1,
    "start_date": "2025-04-18",
    "end_date": "2025-04-23",
    "status": "pending",
    "description": "",
    "created_at": "2025-04-17T12:07:10.633Z",
    "updated_at": "2025-04-17T12:07:10.633Z"
  }
},
{
  "model": "exams.exam",
  "pk": 2,
  "fields": {
    "name": "Unit Test",
    "exam_type": 1,
    "session": 2,
    "term": 1,
    "start_date": "2025-04-19",
    "end_date": "2025-04-22",
    "status": "ongoing",
    "description": "",
    "created_at": "2025-04-18T10:05:40.547Z",
    "updated_at": "2025-04-18T10:05:40.547Z"
  }
},
{
  "model": "exams.examschedule",
  "pk": 1,
  "fields": {
    "exam": 1,
    "subject": 2,
    "student_class": 6,
    "section": "A",
    "date": "2025-04-18",
    "start_time": "20:38:00",
    "end_time": "17:40:00",
    "duration_minutes": 1262,
    "venue": null,
    "created_at": "2025-04-17T12:08:52.432Z",
    "updated_at": "2025-04-17T12:08:52.432Z"
  }
},
{
  "model": "exams.examschedule",
  "pk": 2,
  "fields": {
    "exam": 1,
    "subject": 1,
    "student_class": 5,
    "section": "A",
    "date": "2025-04-18",
    "start_time": "19:49:00",
    "end_time": "23:49:00",
    "duration_minutes": 240,
    "venue": null,
    "created_at": "2025-04-17T12:19:34.598Z",
    "updated_at": "2025-04-17T12:19:34.598Z"
  }
},
{
  "model": "exams.examschedule",
  "pk": 3,
  "fields": {
    "exam": 1,
    "subject": 1,
    "student_class": 5,
    "section": "A",
    "date": "2025-04-19",
    "start_time": "20:39:00",
    "end_time": "16:39:00",
    "duration_minutes": 1200,
    "venue": null,
    "created_at": "2025-04-18T10:09:45.806Z",
    "updated_at": "2025-04-18T10:09:45.806Z"
  }
},
{
  "model": "exams.examschedule",
  "pk": 4,
  "fields": {
    "exam": 2,
    "subject": 4,
    "student_class": 7,
    "section": "A",
    "date": "2025-04-22",
    "start_time": "21:43:00",
    "end_time": "14:44:00",
    "duration_minutes": 1021,
    "venue": null,
    "created_at": "2025-04-18T10:14:23.956Z",
    "updated_at": "2025-04-18T10:14:23.956Z"
  }
},
{
  "model": "exams.admitcard",
  "pk": 1,
  "fields": {
    "exam": 1,
    "student": 1,
    "roll_number": "1225101589",
    "generated_on": "2025-04-17T12:09:42.054Z",
    "is_printed": true,
    "printed_on": "2025-04-17T12:09:50.015Z"
  }
},
{
  "model": "exams.admitcard",
  "pk": 2,
  "fields": {
    "exam": 1,
    "student": 2,
    "roll_number": "1225108754",
    "generated_on": "2025-04-17T12:09:42.068Z",
    "is_printed": true,
    "printed_on": "2025-04-17T12:20:35.941Z"
  }
},
{
  "model": "exams.admitcard",
  "pk": 3,
  "fields": {
    "exam": 1,
    "student": 8,
    "roll_number": "EX1-2511A001",
    "generated_on": "2025-04-18T12:10:38.881Z",
    "is_printed": true,
    "printed_on": "2025-04-18T12:14:26.522Z"
  }
},
{
  "model": "exams.admitcard",
  "pk": 4,
  "fields": {
    "exam": 1,
    "student": 9,
    "roll_number": "EX1-2511A002",
    "generated_on": "2025-04-18T12:10:38.893Z",
    "is_printed": true,
    "printed_on": "2025-04-18T12:22:10.011Z"
  }
},
{
  "model": "exams.admitcard",
  "pk": 5,
  "fields": {
    "exam": 2,
    "student": 10,
    "roll_number": "12259A001",
    "generated_on": "2025-04-18T12:20:49.316Z",
    "is_printed": true,
    "printed_on": "2025-04-18T12:22:10.011Z"
  }
}
]
