[
{
  "model": "staffs.staff",
  "pk": 1,
  "fields": {
    "current_status": "active",
    "fullname": "demo latest",
    "gender": "male",
    "date_of_birth": "2025-03-28",
    "date_of_registration": "2025-03-28",
    "mobile_number": "01335665865",
    "aadhar": "123456789099",
    "Subject_specification": "math",
    "address": "Lucknow",
    "others": "",
    "passport": ""
  }
},
{
  "model": "NonTeachingStaffs.nonteachingstaff",
  "pk": 1,
  "fields": {
    "current_status": "active",
    "fullname": "Vikas",
    "gender": "male",
    "job_role": "Driver",
    "date_of_birth": "2025-04-17",
    "date_of_registration": "2025-04-17",
    "mobile_number": "63635654455",
    "address": "LKO",
    "others": ""
  }
}
]
