[
{
  "model": "students.student",
  "pk": 1,
  "fields": {
    "current_status": "active",
    "registration_number": "25101589",
    "fullname": "Rahul Shaha",
    "gender": "male",
    "category": "OBC",
    "aadhar": "123456789099",
    "date_of_birth": "2025-03-27",
    "current_class": 5,
    "section": "A",
    "date_of_admission": "2025-03-27",
    "mobile_number": "0987654322",
    "email_id": "",
    "Father_name": "Vinay",
    "Father_mobile_number": "9876543212",
    "Father_aadhar": "234567898765",
    "Mother_name": "Radhika",
    "address": "Lucknow",
    "others": "",
    "passport": ""
  }
},
{
  "model": "students.student",
  "pk": 2,
  "fields": {
    "current_status": "active",
    "registration_number": "25108754",
    "fullname": "Rahul Shaha",
    "gender": "male",
    "category": "N/A",
    "aadhar": "123456789099",
    "date_of_birth": "2025-04-05",
    "current_class": 5,
    "section": "A",
    "date_of_admission": "2025-04-05",
    "mobile_number": "0987654323",
    "email_id": "",
    "Father_name": "Vinay",
    "Father_mobile_number": "98765432123",
    "Father_aadhar": "234567898765",
    "Mother_name": "Radhika",
    "address": "Kannauj\r\nkannauj",
    "others": "",
    "passport": ""
  }
},
{
  "model": "students.student",
  "pk": 3,
  "fields": {
    "current_status": "active",
    "registration_number": "2586452",
    "fullname": "AK Katiyar",
    "gender": "male",
    "category": "OBC",
    "aadhar": "123456789099",
    "date_of_birth": "2025-04-07",
    "current_class": 3,
    "section": "A",
    "date_of_admission": "2025-04-07",
    "mobile_number": "01335665865",
    "email_id": "aman@gmail.com",
    "Father_name": "Vinay",
    "Father_mobile_number": "01335665865",
    "Father_aadhar": "234567898765",
    "Mother_name": "Radhika",
    "address": "Kannauj\r\nkannauj",
    "others": "",
    "passport": ""
  }
},
{
  "model": "students.student",
  "pk": 5,
  "fields": {
    "current_status": "active",
    "registration_number": "2581395",
    "fullname": "AK Katiyar",
    "gender": "male",
    "category": "OBC",
    "aadhar": "123456789099",
    "date_of_birth": "2025-04-10",
    "current_class": 3,
    "section": "A",
    "date_of_admission": "2025-04-10",
    "mobile_number": "01335665865",
    "email_id": "",
    "Father_name": "Vinay",
    "Father_mobile_number": "01335665865",
    "Father_aadhar": "234567898765",
    "Mother_name": "Radhika",
    "address": "qe",
    "others": "",
    "passport": ""
  }
},
{
  "model": "students.student",
  "pk": 6,
  "fields": {
    "current_status": "active",
    "registration_number": "259B001",
    "fullname": "demo latest",
    "gender": "male",
    "category": "OBC",
    "aadhar": "123456789099",
    "date_of_birth": "2025-04-10",
    "current_class": 4,
    "section": "B",
    "date_of_admission": "2025-04-10",
    "mobile_number": "01335665865",
    "email_id": "",
    "Father_name": "Vinay",
    "Father_mobile_number": "01335665865",
    "Father_aadhar": "234567898765",
    "Mother_name": "Radhika",
    "address": "Lucknow",
    "others": "",
    "passport": "students/passports/theach-dp.jpg"
  }
},
{
  "model": "students.student",
  "pk": 7,
  "fields": {
    "current_status": "active",
    "registration_number": "259B002",
    "fullname": "adsc",
    "gender": "male",
    "category": "OBC",
    "aadhar": "123456789099",
    "date_of_birth": "2025-04-11",
    "current_class": 4,
    "section": "B",
    "date_of_admission": "2025-04-11",
    "mobile_number": "01335665865",
    "email_id": "",
    "Father_name": "Vinay",
    "Father_mobile_number": "01335665865",
    "Father_aadhar": "234567898765",
    "Mother_name": "Radhika",
    "address": "as",
    "others": "",
    "passport": ""
  }
},
{
  "model": "students.student",
  "pk": 8,
  "fields": {
    "current_status": "active",
    "registration_number": "2511A001",
    "fullname": "AK Katiyar",
    "gender": "male",
    "category": "N/A",
    "aadhar": "123456789099",
    "date_of_birth": "2025-04-11",
    "current_class": 6,
    "section": "A",
    "date_of_admission": "2025-04-11",
    "mobile_number": "01335665865",
    "email_id": "",
    "Father_name": "Vinay",
    "Father_mobile_number": "01335665865",
    "Father_aadhar": "234567898765",
    "Mother_name": "Radhika",
    "address": "as",
    "others": "",
    "passport": ""
  }
},
{
  "model": "students.student",
  "pk": 9,
  "fields": {
    "current_status": "active",
    "registration_number": "2511A002",
    "fullname": "AK Katiyar",
    "gender": "male",
    "category": "N/A",
    "aadhar": "123456789099",
    "date_of_birth": "2025-04-11",
    "current_class": 6,
    "section": "A",
    "date_of_admission": "2025-04-11",
    "mobile_number": "01335665865",
    "email_id": "",
    "Father_name": "Vinay",
    "Father_mobile_number": "01335665865",
    "Father_aadhar": "234567898765",
    "Mother_name": "Radhika",
    "address": "",
    "others": "",
    "passport": ""
  }
},
{
  "model": "students.student",
  "pk": 10,
  "fields": {
    "current_status": "active",
    "registration_number": "259A001",
    "fullname": "Vikas",
    "gender": "male",
    "category": "Gen",
    "aadhar": "454654545455",
    "date_of_birth": "2025-02-13",
    "current_class": 8,
    "section": "A",
    "date_of_admission": "2025-04-17",
    "mobile_number": "63635654455",
    "email_id": "A@gmail.com",
    "Father_name": "Rahul",
    "Father_mobile_number": "4542112555",
    "Father_aadhar": "215456454545",
    "Mother_name": "Radhika",
    "address": "LKO",
    "others": "",
    "passport": ""
  }
},
{
  "model": "students.student",
  "pk": 11,
  "fields": {
    "current_status": "active",
    "registration_number": "2510A001",
    "fullname": "AK Katiyar",
    "gender": "male",
    "category": "SC/ST",
    "aadhar": "123456789099",
    "date_of_birth": "2025-04-20",
    "current_class": 5,
    "section": "A",
    "date_of_admission": "2025-04-20",
    "mobile_number": "01335665865",
    "email_id": "aman@gmail.com",
    "Father_name": "Vinay",
    "Father_mobile_number": "01335665865",
    "Father_aadhar": "234567898765",
    "Mother_name": "Radhika",
    "address": "saf",
    "others": "",
    "passport": ""
  }
},
{
  "model": "students.student",
  "pk": 13,
  "fields": {
    "current_status": "active",
    "registration_number": "2510C001",
    "fullname": "Anu",
    "gender": "female",
    "category": "OBC",
    "aadhar": "963256891452",
    "date_of_birth": "2003-09-14",
    "current_class": 5,
    "section": "C",
    "date_of_admission": "2025-04-23",
    "mobile_number": "9876543136",
    "email_id": "anuktyrrrr@gmail.com",
    "Father_name": "somu",
    "Father_mobile_number": "01335665865",
    "Father_aadhar": "123457890091",
    "Mother_name": "pimki",
    "address": "Kannauj\r\nkannauj",
    "others": "",
    "passport": ""
  }
},
{
  "model": "students.studentdocument",
  "pk": 1,
  "fields": {
    "student": 6,
    "aadhar_card": "",
    "aadhar_card_number": "",
    "parent_photo": "",
    "parent_photo_number": "",
    "parent_id_proof": "",
    "parent_id_proof_number": "",
    "previous_marksheet": "",
    "previous_marksheet_number": "",
    "transfer_certificate": "",
    "transfer_certificate_number": "",
    "character_certificate": "",
    "character_certificate_number": "",
    "caste_certificate": "",
    "caste_certificate_number": "",
    "medical_certificate": "",
    "medical_certificate_number": "",
    "other_document": "",
    "other_document_number": "",
    "date_uploaded": "2025-04-10T11:11:30.123Z",
    "last_updated": "2025-04-10T11:22:31.981Z"
  }
},
{
  "model": "students.studentdocument",
  "pk": 2,
  "fields": {
    "student": 3,
    "aadhar_card": "",
    "aadhar_card_number": "",
    "parent_photo": "",
    "parent_photo_number": "",
    "parent_id_proof": "students/documents/parent_id/Screenshot_7-4-2025_155959_127_IA8tC0N.0.0.1.jpeg",
    "parent_id_proof_number": "121",
    "previous_marksheet": "students/documents/marksheet/WhatsApp_Image_2025-04-01_at_11.02.41_PM.jpeg",
    "previous_marksheet_number": "6546546",
    "transfer_certificate": "",
    "transfer_certificate_number": "",
    "character_certificate": "",
    "character_certificate_number": "",
    "caste_certificate": "",
    "caste_certificate_number": "",
    "medical_certificate": "",
    "medical_certificate_number": "",
    "other_document": "",
    "other_document_number": "",
    "date_uploaded": "2025-04-10T11:22:42.395Z",
    "last_updated": "2025-04-10T16:42:29.215Z"
  }
},
{
  "model": "students.studentdocument",
  "pk": 3,
  "fields": {
    "student": 2,
    "aadhar_card": "students/documents/aadhar/Screenshot_7-4-2025_155959_127.0.0.1.jpeg",
    "aadhar_card_number": "123456yu",
    "parent_photo": "",
    "parent_photo_number": "",
    "parent_id_proof": "",
    "parent_id_proof_number": "",
    "previous_marksheet": "",
    "previous_marksheet_number": "",
    "transfer_certificate": "",
    "transfer_certificate_number": "",
    "character_certificate": "",
    "character_certificate_number": "",
    "caste_certificate": "",
    "caste_certificate_number": "",
    "medical_certificate": "",
    "medical_certificate_number": "",
    "other_document": "",
    "other_document_number": "",
    "date_uploaded": "2025-04-11T05:40:25.935Z",
    "last_updated": "2025-04-11T05:41:04.374Z"
  }
},
{
  "model": "students.studentdocument",
  "pk": 4,
  "fields": {
    "student": 7,
    "aadhar_card": "",
    "aadhar_card_number": "",
    "parent_photo": "students/documents/parent_photo/ChatGPT_Image_Apr_23_2025_09_08_53_PM.png",
    "parent_photo_number": "",
    "parent_id_proof": "",
    "parent_id_proof_number": "",
    "previous_marksheet": "",
    "previous_marksheet_number": "",
    "transfer_certificate": "",
    "transfer_certificate_number": "",
    "character_certificate": "",
    "character_certificate_number": "",
    "caste_certificate": "",
    "caste_certificate_number": "",
    "medical_certificate": "",
    "medical_certificate_number": "",
    "other_document": "",
    "other_document_number": "",
    "date_uploaded": "2025-04-11T05:46:35.796Z",
    "last_updated": "2025-04-23T20:04:15.324Z"
  }
},
{
  "model": "students.studentdocument",
  "pk": 5,
  "fields": {
    "student": 9,
    "aadhar_card": "",
    "aadhar_card_number": "",
    "parent_photo": "",
    "parent_photo_number": "",
    "parent_id_proof": "",
    "parent_id_proof_number": "",
    "previous_marksheet": "",
    "previous_marksheet_number": "",
    "transfer_certificate": "",
    "transfer_certificate_number": "",
    "character_certificate": "",
    "character_certificate_number": "",
    "caste_certificate": "",
    "caste_certificate_number": "",
    "medical_certificate": "",
    "medical_certificate_number": "",
    "other_document": "",
    "other_document_number": "",
    "date_uploaded": "2025-04-11T06:13:19.386Z",
    "last_updated": "2025-04-11T06:13:19.386Z"
  }
},
{
  "model": "students.studentdocument",
  "pk": 6,
  "fields": {
    "student": 8,
    "aadhar_card": "",
    "aadhar_card_number": "",
    "parent_photo": "",
    "parent_photo_number": "",
    "parent_id_proof": "",
    "parent_id_proof_number": "",
    "previous_marksheet": "",
    "previous_marksheet_number": "",
    "transfer_certificate": "",
    "transfer_certificate_number": "",
    "character_certificate": "",
    "character_certificate_number": "",
    "caste_certificate": "",
    "caste_certificate_number": "",
    "medical_certificate": "",
    "medical_certificate_number": "",
    "other_document": "",
    "other_document_number": "",
    "date_uploaded": "2025-04-11T07:08:13.532Z",
    "last_updated": "2025-04-11T07:08:18.482Z"
  }
},
{
  "model": "students.studentdocument",
  "pk": 7,
  "fields": {
    "student": 10,
    "aadhar_card": "students/documents/aadhar/college_logo.jpg",
    "aadhar_card_number": "14564545642142",
    "parent_photo": "",
    "parent_photo_number": "",
    "parent_id_proof": "",
    "parent_id_proof_number": "",
    "previous_marksheet": "",
    "previous_marksheet_number": "",
    "transfer_certificate": "",
    "transfer_certificate_number": "",
    "character_certificate": "",
    "character_certificate_number": "",
    "caste_certificate": "",
    "caste_certificate_number": "",
    "medical_certificate": "",
    "medical_certificate_number": "",
    "other_document": "",
    "other_document_number": "",
    "date_uploaded": "2025-04-17T13:57:49.953Z",
    "last_updated": "2025-04-17T13:58:05.481Z"
  }
},
{
  "model": "students.studentdocument",
  "pk": 8,
  "fields": {
    "student": 5,
    "aadhar_card": "",
    "aadhar_card_number": "",
    "parent_photo": "",
    "parent_photo_number": "",
    "parent_id_proof": "",
    "parent_id_proof_number": "",
    "previous_marksheet": "",
    "previous_marksheet_number": "",
    "transfer_certificate": "",
    "transfer_certificate_number": "",
    "character_certificate": "",
    "character_certificate_number": "",
    "caste_certificate": "",
    "caste_certificate_number": "",
    "medical_certificate": "",
    "medical_certificate_number": "",
    "other_document": "",
    "other_document_number": "",
    "date_uploaded": "2025-04-17T14:12:15.990Z",
    "last_updated": "2025-04-17T14:12:15.990Z"
  }
},
{
  "model": "students.studentdocument",
  "pk": 9,
  "fields": {
    "student": 11,
    "aadhar_card": "students/documents/aadhar/Payment_History_AK_Katiyar.pdf",
    "aadhar_card_number": "vbncf",
    "parent_photo": "",
    "parent_photo_number": "",
    "parent_id_proof": "",
    "parent_id_proof_number": "",
    "previous_marksheet": "",
    "previous_marksheet_number": "",
    "transfer_certificate": "",
    "transfer_certificate_number": "",
    "character_certificate": "",
    "character_certificate_number": "",
    "caste_certificate": "",
    "caste_certificate_number": "",
    "medical_certificate": "",
    "medical_certificate_number": "",
    "other_document": "",
    "other_document_number": "",
    "date_uploaded": "2025-04-20T07:53:44.319Z",
    "last_updated": "2025-04-20T07:53:53.894Z"
  }
}
]
